vehicle_id,window_start,window_end,drive_seconds,night_drive_seconds,distance_km,night_distance_km,harsh_corner_count,harsh_braking_count,harsh_accel_count,speeding_count,power_off_ext_batt_disc_count,cam_covered_count,eye_closed_count,yawn_count,fatigue_count,distraction_count,phone_use_count,smoke_count,Driver_Seatbelt_not_on,headway_monitor_count,lane_departure_count,forward_collision_count,ped_collision_count,crash_count,harsh_episode_count,short_speeding_episode_count,long_speeding_episode_count,speeding_episode_count,power_violation_episode_count,camera_obstruction_episode_count,fatigue_episode_count,driver_distraction_episode_count,situational_risk_episode_count,harsh_total_count,fatigue_total_count,driver_distraction_total_count,situational_risk_total_count,drive_hours,night_ratio
229817878,2026-01-01,2026-02-01,382015.0,58413.0,1354.0,0.0,9,21,5,0,0,1,0,0,1,5,34,2,31,0,0,1,0,6,32.0,0.0,0.0,0.0,0.0,1.0,1.0,62.0,1.0,35,1,72,1,106.11527777777778,0.15290760833998665
237220417,2026-01-01,2026-02-01,250065.0,0.0,607.0,0.0,3,0,0,0,0,0,0,0,0,23,18,0,16,0,0,0,0,0,3.0,0.0,0.0,0.0,0.0,0.0,0.0,57.0,0.0,3,0,57,0,69.4625,0.0
304245737,2026-01-01,2026-02-01,247943.0,29377.0,586.0,0.0,2,0,0,0,0,0,0,3,4,1,7,0,15,0,0,0,0,0,2.0,0.0,0.0,0.0,0.0,0.0,7.0,22.0,0.0,2,7,23,0,68.87305555555555,0.11848287711288481
304246224,2026-01-01,2026-02-01,30216.0,0.0,318.0,0.0,125,2,0,0,0,0,0,0,0,0,0,0,0,0,0,0,0,0,125.0,0.0,0.0,0.0,0.0,0.0,0.0,0.0,0.0,127,0,0,0,8.393333333333333,0.0
304246535,2026-01-01,2026-02-01,394598.0,60562.0,978.0,0.0,6,7,11,0,0,0,0,0,0,1,1,0,10,0,0,5,0,0,24.0,0.0,0.0,0.0,0.0,0.0,0.0,11.0,5.0,24,0,12,5,109.61055555555555,0.15347771656217213
304249135,2026-01-01,2026-02-01,165138.0,14153.0,446.0,0.0,3,0,0,0,1,2,0,4,0,4,0,0,0,625,0,34,2,4,3.0,0.0,0.0,0.0,1.0,2.0,4.0,4.0,244.0,3,4,4,661,45.87166666666667,0.08570407780159624
307989723,2026-01-01,2026-02-01,274786.0,56861.0,960.0,0.0,1,8,13,2,1,0,0,0,2,1,4,0,5,138,9,21,2,0,22.0,2.0,0.0,2.0,1.0,0.0,2.0,8.0,82.0,22,2,10,170,76.32944444444445,0.20692830056844236
308058091,2026-01-01,2026-02-01,181315.0,137.0,273.0,0.0,0,2,0,0,0,0,0,0,0,1,5,0,16,0,0,0,0,0,2.0,0.0,0.0,0.0,0.0,0.0,0.0,20.0,0.0,2,0,22,0,50.36527777777778,0.0007555910983647244
312741040,2026-01-01,2026-02-01,49042.0,0.0,329.0,0.0,0,0,0,0,0,1,0,0,0,2,2,0,4,798,248,113,45,0,0.0,0.0,0.0,0.0,0.0,1.0,0.0,4.0,501.0,0,0,8,1204,13.622777777777777,0.0
317984438,2026-01-01,2026-02-01,229672.0,11818.0,888.0,0.0,4,9,7,84,1,0,0,0,1,2,14,0,13,638,46,60,1,1,20.0,8.0,12.0,20.0,1.0,0.0,1.0,27.0,137.0,20,1,29,745,63.797777777777775,0.0514559894109861
317984514,2026-01-01,2026-02-01,361153.0,78839.0,672.0,0.0,17,20,6,22,0,0,0,0,0,1,33,0,28,0,0,0,0,1,43.0,4.0,3.0,7.0,0.0,0.0,0.0,46.0,0.0,43,0,62,0,100.32027777777778,0.21829806204018795
317984619,2026-01-01,2026-02-01,263757.0,6726.0,331.0,0.0,0,4,0,0,0,0,0,0,0,0,3,0,5,0,0,42,0,0,4.0,0.0,0.0,0.0,0.0,0.0,0.0,8.0,42.0,4,0,8,42,73.26583333333333,0.025500745003924068
317984646,2026-01-01,2026-02-01,351541.0,35152.0,1305.0,0.0,6,31,5,14,0,0,0,0,0,0,3,0,8,0,0,0,0,0,40.0,8.0,3.0,11.0,0.0,0.0,0.0,9.0,0.0,42,0,11,0,97.65027777777777,0.09999402630134181
321626503,2026-01-01,2026-02-01,187439.0,28492.0,180.0,0.0,3,0,0,0,4,0,0,0,0,0,0,0,1,0,0,1,0,0,3.0,0.0,0.0,0.0,4.0,0.0,0.0,1.0,1.0,3,0,1,1,52.06638888888889,0.1520067862077796
322619618,2026-01-01,2026-02-01,260415.0,7684.0,827.0,0.0,0,7,0,3,1,0,0,0,0,1,95,0,10,1063,219,100,51,0,7.0,3.0,0.0,3.0,1.0,0.0,0.0,51.0,423.0,7,0,106,1433,72.3375,0.029506748843192595
322641484,2026-01-01,2026-02-01,76219.0,0.0,641.0,0.0,0,0,0,0,0,0,0,0,1,0,0,0,5,1252,380,197,97,0,0.0,0.0,0.0,0.0,0.0,0.0,1.0,5.0,796.0,0,1,5,1926,21.171944444444446,0.0
322641996,2026-01-01,2026-02-01,121167.0,346.0,239.0,0.0,0,3,1,0,2,0,0,3,3,0,4,0,10,0,0,1,0,0,4.0,0.0,0.0,0.0,2.0,0.0,6.0,11.0,1.0,4,6,14,1,33.6575,0.002855562983320541
322784039,2026-01-01,2026-02-01,376387.0,42889.0,1141.0,0.0,14,43,1,1,0,0,0,0,0,3,26,0,77,0,0,3,0,0,58.0,1.0,0.0,1.0,0.0,0.0,0.0,99.0,3.0,58,0,106,3,104.55194444444444,0.11394920653476343
322785930,2026-01-01,2026-02-01,62678.0,0.0,545.0,0.0,0,0,0,0,0,0,0,0,0,1,1,0,0,922,0,161,77,0,0.0,0.0,0.0,0.0,0.0,0.0,0.0,1.0,462.0,0,0,2,1160,17.410555555555554,0.0
333211468,2026-01-01,2026-02-01,203951.0,2627.0,946.0,0.0,6,6,2,0,1,0,0,7,5,4,21,0,14,988,164,114,24,2,14.0,0.0,0.0,0.0,1.0,0.0,12.0,36.0,451.0,14,12,39,1290,56.653055555555554,0.012880544836750003
333212161,2026-01-01,2026-02-01,95718.0,0.0,799.0,0.0,0,0,0,0,0,0,0,0,0,3,3,0,2,2287,367,264,61,0,0.0,0.0,0.0,0.0,0.0,0.0,0.0,4.0,1111.0,0,0,8,2979,26.588333333333335,0.0
333545827,2026-01-01,2026-02-01,433082.0,95073.0,1666.0,0.0,2,27,5,1,3,1,0,0,2,4,10,0,41,0,0,0,0,1,34.0,1.0,0.0,1.0,3.0,1.0,2.0,48.0,0.0,34,2,55,0,120.30055555555556,0.2195265561718104
333584194,2026-01-01,2026-02-01,262589.0,3746.0,722.0,0.0,27,120,17,34,0,0,0,2,2,2,27,0,71,0,0,0,0,0,160.0,2.0,5.0,7.0,0.0,0.0,4.0,85.0,0.0,164,4,100,0,72.9413888888889,0.014265639459383295
333584733,2026-01-01,2026-02-01,86962.0,248.0,471.0,0.0,0,0,0,7,0,0,0,0,0,1,3,0,8,0,0,0,0,0,0.0,1.0,3.0,4.0,0.0,0.0,0.0,10.0,0.0,0,0,12,0,24.156111111111112,0.002851820335318875
333585410,2026-01-01,2026-02-01,60452.0,0.0,534.0,0.0,0,0,0,0,0,0,0,0,0,0,0,0,4,1409,315,168,48,0,0.0,0.0,0.0,0.0,0.0,0.0,0.0,4.0,701.0,0,0,4,1940,16.79222222222222,0.0
333987612,2026-01-01,2026-02-01,52052.0,0.0,391.0,0.0,227,26,29,0,0,7,0,0,0,0,0,0,0,123,60,45,11,0,215.0,0.0,0.0,0.0,0.0,7.0,0.0,0.0,227.0,282,0,0,239,14.45888888888889,0.0
334002148,2026-01-01,2026-02-01,3089.0,0.0,14.0,0.0,0,0,0,0,0,0,0,0,0,0,0,0,0,64,11,9,8,0,0.0,0.0,0.0,0.0,0.0,0.0,0.0,0.0,38.0,0,0,0,92,0.8580555555555556,0.0
334003979,2026-01-01,2026-02-01,41227.0,0.0,245.0,0.0,8,7,19,0,1,0,0,0,0,0,0,0,2,906,148,124,12,0,32.0,0.0,0.0,0.0,1.0,0.0,0.0,2.0,372.0,34,0,2,1190,11.451944444444445,0.0
334006437,2026-01-01,2026-02-01,96415.0,1799.0,216.0,0.0,4,8,1,0,0,0,0,1,1,0,0,0,4,0,0,4,0,1,13.0,0.0,0.0,0.0,0.0,0.0,2.0,4.0,4.0,13,2,4,4,26.781944444444445,0.01865892236685163
334008589,2026-01-01,2026-02-01,364387.0,27809.0,1482.0,0.0,4,74,4,3,0,0,0,13,13,2,44,0,76,0,0,3,0,0,82.0,1.0,1.0,2.0,0.0,0.0,26.0,103.0,3.0,82,26,122,3,101.21861111111112,0.07631721219472704
334148753,2026-01-01,2026-02-01,480485.0,110295.0,1509.0,0.0,25,55,4,69,0,0,0,0,0,8,18,2,22,0,0,20,0,3,84.0,6.0,16.0,22.0,0.0,0.0,0.0,42.0,20.0,84,0,50,20,133.46805555555557,0.22954930955180702
334154201,2026-01-01,2026-02-01,20402.0,0.0,85.0,0.0,3,1,5,2,6,0,0,0,0,0,0,0,2,125,44,18,1,1,8.0,0.0,1.0,1.0,4.0,0.0,0.0,2.0,73.0,9,0,2,188,5.667222222222223,0.0
334154315,2026-01-01,2026-02-01,227140.0,13971.0,701.0,24.0,1,3,1,0,1,0,0,6,6,3,23,0,30,0,0,0,0,0,5.0,0.0,0.0,0.0,1.0,0.0,12.0,48.0,0.0,5,12,56,0,63.09444444444444,0.061508320859381876
334159140,2026-01-01,2026-02-01,85924.0,1254.0,112.0,0.0,0,3,0,1,0,0,0,0,0,0,2,0,7,0,0,0,0,0,3.0,1.0,0.0,1.0,0.0,0.0,0.0,8.0,0.0,3,0,9,0,23.86777777777778,0.014594292630696896
334723632,2026-01-01,2026-02-01,23298.0,0.0,77.0,0.0,0,1,0,0,1,0,0,0,0,1,3,0,3,0,0,0,0,0,1.0,0.0,0.0,0.0,1.0,0.0,0.0,6.0,0.0,1,0,7,0,6.471666666666667,0.0
334802885,2026-01-01,2026-02-01,94903.0,0.0,73.0,0.0,3,2,0,0,6,0,0,0,0,0,0,0,5,0,0,0,0,0,5.0,0.0,0.0,0.0,6.0,0.0,0.0,5.0,0.0,5,0,5,0,26.361944444444443,0.0
335116387,2026-01-01,2026-02-01,372659.0,61662.0,477.0,0.0,0,10,0,0,2,0,0,2,11,4,22,0,46,0,0,0,0,2,10.0,0.0,0.0,0.0,2.0,0.0,13.0,56.0,0.0,10,13,72,0,103.51638888888888,0.1654649424809276
336854753,2026-01-01,2026-02-01,327100.0,16069.0,1351.0,0.0,20,34,21,30,0,0,0,0,4,13,40,0,116,0,0,16,0,1,73.0,2.0,6.0,8.0,0.0,0.0,4.0,151.0,16.0,75,4,169,16,90.86111111111111,0.04912564964842556
336916651,2026-01-01,2026-02-01,125946.0,0.0,269.0,0.0,3,0,0,2,0,0,0,1,1,0,4,0,13,0,0,0,0,10,3.0,2.0,0.0,2.0,0.0,0.0,2.0,17.0,0.0,3,2,17,0,34.985,0.0
336920475,2026-01-01,2026-02-01,64676.0,0.0,132.0,0.0,1,1,0,2,4,0,0,0,0,0,1,0,6,0,0,1,0,0,2.0,2.0,0.0,2.0,4.0,0.0,0.0,6.0,1.0,2,0,7,1,17.965555555555557,0.0
336920768,2026-01-01,2026-02-01,118304.0,0.0,293.0,0.0,1,6,2,5,0,0,0,0,0,0,1,0,27,0,0,1,0,0,9.0,2.0,1.0,3.0,0.0,0.0,0.0,28.0,1.0,9,0,28,1,32.86222222222222,0.0
337268755,2026-01-01,2026-02-01,226532.0,0.0,1271.0,0.0,28,66,14,53,0,0,0,0,0,4,20,0,33,0,0,0,0,4,108.0,53.0,0.0,53.0,0.0,0.0,0.0,50.0,0.0,108,0,57,0,62.925555555555555,0.0
337271076,2026-01-01,2026-02-01,13544.0,0.0,73.0,0.0,0,903,923,5,0,0,0,0,0,0,0,0,0,213,62,14,21,0,520.0,5.0,0.0,5.0,0.0,0.0,0.0,0.0,127.0,1826,0,0,310,3.7622222222222224,0.0
337317457,2026-01-01,2026-02-01,20153.0,0.0,33.0,0.0,1,0,0,0,4,0,0,0,0,0,0,0,1,0,0,0,0,0,1.0,0.0,0.0,0.0,4.0,0.0,0.0,1.0,0.0,1,0,1,0,5.598055555555556,0.0
337591945,2026-01-01,2026-02-01,37272.0,0.0,146.0,0.0,14,1,1,0,0,0,0,0,0,0,0,0,0,389,98,65,55,0,11.0,0.0,0.0,0.0,0.0,0.0,0.0,0.0,289.0,16,0,0,607,10.353333333333333,0.0
338303849,2026-01-01,2026-02-01,73068.0,0.0,441.0,0.0,164,28,21,0,0,1,0,0,0,0,0,0,0,419,80,76,25,0,150.0,0.0,0.0,0.0,0.0,1.0,0.0,0.0,337.0,213,0,0,600,20.296666666666667,0.0
338306241,2026-01-01,2026-02-01,319945.0,1091.0,961.0,0.0,1,2,0,0,0,0,0,0,0,3,50,0,125,0,0,0,0,0,3.0,0.0,0.0,0.0,0.0,0.0,0.0,164.0,0.0,3,0,178,0,88.87361111111112,0.0034099610870618386
339001523,2026-01-01,2026-02-01,88006.0,837.0,110.0,0.0,1,1,1,0,0,0,0,0,2,0,0,0,0,0,0,0,0,0,3.0,0.0,0.0,0.0,0.0,0.0,2.0,0.0,0.0,3,2,0,0,24.44611111111111,0.009510715178510556
339001982,2026-01-01,2026-02-01,200345.0,24444.0,325.0,0.0,0,0,1,0,0,0,0,0,0,0,0,0,0,0,0,0,0,0,1.0,0.0,0.0,0.0,0.0,0.0,0.0,0.0,0.0,1,0,0,0,55.65138888888889,0.12200953355461829
350179842,2026-01-01,2026-02-01,57928.0,0.0,448.0,0.0,0,0,0,0,0,0,0,0,0,0,1,0,2,2081,488,152,32,0,0.0,0.0,0.0,0.0,0.0,0.0,0.0,3.0,686.0,0,0,3,2753,16.09111111111111,0.0
365321388,2026-01-01,2026-02-01,52754.0,683.0,388.0,4.0,0,0,0,0,0,0,0,0,0,1,3,0,1,1319,330,212,27,0,0.0,0.0,0.0,0.0,0.0,0.0,0.0,3.0,698.0,0,0,5,1888,14.653888888888888,0.012946885544224134
365598486,2026-01-01,2026-02-01,196773.0,0.0,889.0,0.0,25,49,69,0,1,0,0,4,3,1,5,0,112,473,10,38,0,36,137.0,0.0,0.0,0.0,1.0,0.0,7.0,116.0,106.0,143,7,118,521,54.659166666666664,0.0
365598883,2026-01-01,2026-02-01,312374.0,5153.0,1198.0,0.0,53,22,12,54,0,0,0,24,25,2,4,0,54,0,0,13,0,0,84.0,7.0,8.0,15.0,0.0,0.0,48.0,57.0,13.0,87,49,60,13,86.77055555555556,0.01649625128851953
365598969,2026-01-01,2026-02-01,350687.0,90347.0,527.0,0.0,1,19,5,18,0,0,0,0,0,1,9,0,13,0,0,15,0,0,25.0,4.0,5.0,9.0,0.0,0.0,0.0,20.0,15.0,25,0,23,15,97.41305555555556,0.25762859758131895
365599055,2026-01-01,2026-02-01,331552.0,70702.0,698.0,0.0,8,16,4,9,1,0,26,0,6,45,12,0,18,46,6,20,51,1,28.0,3.0,2.0,5.0,1.0,0.0,25.0,44.0,87.0,28,32,75,123,92.09777777777778,0.2132455844030499
365606074,2026-01-01,2026-02-01,61281.0,0.0,702.0,0.0,146,17,6,0,0,0,0,0,0,0,0,0,0,251,32,14,2,0,119.0,0.0,0.0,0.0,0.0,0.0,0.0,0.0,284.0,169,0,0,299,17.0225,0.0
365670886,2026-01-01,2026-02-01,103277.0,9463.0,310.0,0.0,4,18,0,4,1,0,30,2,3,13,186,0,47,2182,249,316,90,0,22.0,0.0,1.0,1.0,1.0,0.0,29.0,96.0,796.0,22,35,246,2837,28.688055555555554,0.09162737105066956
365675387,2026-01-01,2026-02-01,570.0,0.0,0.0,0.0,0,0,0,0,0,0,0,0,0,0,0,0,0,0,0,0,2,0,0.0,0.0,0.0,0.0,0.0,0.0,0.0,0.0,2.0,0,0,0,2,0.15833333333333333,0.0
366594846,2026-01-01,2026-02-01,407198.0,92743.0,758.0,0.0,24,73,10,29,12,1,0,0,13,14,13,0,0,0,0,1,0,0,103.0,2.0,5.0,7.0,12.0,1.0,13.0,27.0,1.0,107,13,27,1,113.11055555555555,0.22775897720519256
366751690,2026-01-01,2026-02-01,98005.0,0.0,540.0,0.0,0,1,0,0,1,0,146,32,7,20,336,0,37,2331,335,169,69,0,1.0,0.0,0.0,0.0,1.0,0.0,126.0,147.0,742.0,1,185,393,2904,27.22361111111111,0.0
366763791,2026-01-01,2026-02-01,227707.0,27843.0,841.0,0.0,1,0,2,1,1,0,133,0,24,4,49,0,52,630,96,55,33,0,2.0,1.0,0.0,1.0,1.0,0.0,107.0,66.0,290.0,3,157,105,814,63.25194444444445,0.12227555586784772
370979095,2026-01-01,2026-02-01,33363.0,0.0,171.0,0.0,9,0,1,0,1,2,0,0,0,0,0,0,12,567,20,87,2,0,10.0,0.0,0.0,0.0,1.0,2.0,0.0,12.0,215.0,10,0,12,676,9.2675,0.0
370982035,2026-01-01,2026-02-01,36757.0,0.0,156.0,0.0,2,3,0,5,0,0,0,0,0,0,0,0,0,0,0,0,0,0,5.0,5.0,0.0,5.0,0.0,0.0,0.0,0.0,0.0,5,0,0,0,10.210277777777778,0.0
371660225,2026-01-01,2026-02-01,164885.0,9870.0,589.0,6.0,15,14,0,18,1,0,0,0,0,3,14,0,14,754,54,44,10,1,29.0,6.0,5.0,11.0,1.0,0.0,0.0,28.0,163.0,29,0,31,862,45.80138888888889,0.05985990235618765
371661090,2026-01-01,2026-02-01,70712.0,15583.0,172.0,0.0,0,1,0,0,0,0,0,0,0,0,1,0,1,0,0,7,0,0,1.0,0.0,0.0,0.0,0.0,0.0,0.0,2.0,7.0,1,0,2,7,19.642222222222223,0.22037277972621339
373265130,2026-01-01,2026-02-01,72214.0,1327.0,41.0,0.0,1,0,0,0,3,0,0,1,1,0,1,0,3,0,0,0,0,2,1.0,0.0,0.0,0.0,3.0,0.0,2.0,4.0,0.0,1,2,4,0,20.059444444444445,0.018375938183731687
373272248,2026-01-01,2026-02-01,374959.0,71823.0,974.0,0.0,0,5,1,16,0,1,0,0,0,4,8,0,15,0,0,5,0,0,6.0,4.0,2.0,6.0,0.0,1.0,0.0,22.0,5.0,6,0,27,5,104.15527777777778,0.19154894268440015
376677144,2026-01-01,2026-02-01,84112.0,325.0,781.0,0.0,342,10,52,0,0,0,0,0,0,0,0,0,0,0,0,0,0,0,374.0,0.0,0.0,0.0,0.0,0.0,0.0,0.0,0.0,404,0,0,0,23.364444444444445,0.003863895758036903
377841245,2026-01-01,2026-02-01,189029.0,5210.0,88.0,0.0,0,0,0,0,0,0,0,0,0,1,2,0,25,0,0,0,0,35,0.0,0.0,0.0,0.0,0.0,0.0,0.0,26.0,0.0,0,0,28,0,52.50805555555556,0.027561908490231657
377841595,2026-01-01,2026-02-01,9640.0,0.0,92.0,0.0,0,0,0,0,0,0,0,0,0,0,1,0,0,302,57,28,7,0,0.0,0.0,0.0,0.0,0.0,0.0,0.0,1.0,121.0,0,0,1,394,2.6777777777777776,0.0
378317132,2026-01-01,2026-02-01,47514.0,224.0,345.0,0.0,118,10,3,0,0,0,0,0,0,0,0,0,0,0,0,1,0,0,122.0,0.0,0.0,0.0,0.0,0.0,0.0,0.0,1.0,131,0,0,1,13.198333333333334,0.004714399966325715
382444594,2026-01-01,2026-02-01,14799.0,0.0,61.0,0.0,0,0,0,0,0,0,0,0,0,0,0,0,0,375,89,65,22,0,0.0,0.0,0.0,0.0,0.0,0.0,0.0,0.0,192.0,0,0,0,551,4.110833333333333,0.0
388775883,2026-01-01,2026-02-01,360794.0,31599.0,397.0,0.0,17,54,12,5,0,0,0,0,0,3,8,0,13,0,0,0,0,0,80.0,1.0,2.0,3.0,0.0,0.0,0.0,17.0,0.0,83,0,24,0,100.22055555555555,0.08758183340077717
402182287,2026-01-01,2026-02-01,121581.0,12572.0,201.0,0.0,2,3,0,0,7,0,0,0,0,0,1,0,0,0,0,1,0,0,5.0,0.0,0.0,0.0,7.0,0.0,0.0,1.0,1.0,5,0,1,1,33.7725,0.1034043148189273
409223544,2026-01-01,2026-02-01,440532.0,66042.0,1909.0,0.0,45,5,5,7,0,2,0,0,35,8,36,0,17,0,0,0,0,0,54.0,3.0,2.0,5.0,0.0,2.0,35.0,50.0,0.0,55,35,61,0,122.37,0.14991419465555283
411962094,2026-01-01,2026-02-01,244313.0,20007.0,567.0,0.0,0,1,6,0,0,0,0,0,0,0,1,0,2,0,0,0,0,0,7.0,0.0,0.0,0.0,0.0,0.0,0.0,3.0,0.0,7,0,3,0,67.86472222222223,0.08189085312693144
415734364,2026-01-01,2026-02-01,211663.0,0.0,454.0,0.0,1,2,1,0,1,0,0,0,0,1,3,0,10,0,0,0,0,0,4.0,0.0,0.0,0.0,1.0,0.0,0.0,12.0,0.0,4,0,14,0,58.79527777777778,0.0
416296124,2026-01-01,2026-02-01,95595.0,0.0,1090.0,0.0,1,3,0,0,25,22,0,0,0,0,0,0,2,0,0,0,0,0,4.0,0.0,0.0,0.0,24.0,22.0,0.0,2.0,0.0,4,0,2,0,26.554166666666667,0.0
416296293,2026-01-01,2026-02-01,62982.0,0.0,371.0,0.0,0,0,0,0,0,0,0,0,0,0,0,0,0,2523,207,230,26,0,0.0,0.0,0.0,0.0,0.0,0.0,0.0,0.0,716.0,0,0,0,2986,17.495,0.0
416380838,2026-01-01,2026-02-01,2213.0,0.0,0.0,0.0,0,0,0,0,0,0,0,0,0,0,0,0,0,0,0,0,0,0,0.0,0.0,0.0,0.0,0.0,0.0,0.0,0.0,0.0,0,0,0,0,0.6147222222222222,0.0
417513547,2026-01-01,2026-02-01,63720.0,699.0,142.0,0.0,3,1,1,2,1,0,0,0,9,0,4,0,6,0,0,0,0,0,5.0,0.0,1.0,1.0,1.0,0.0,9.0,10.0,0.0,5,9,10,0,17.7,0.010969868173258004
417516308,2026-01-01,2026-02-01,102270.0,0.0,939.0,0.0,0,0,0,0,0,0,0,0,0,0,2,0,0,1379,459,122,78,0,0.0,0.0,0.0,0.0,0.0,0.0,0.0,2.0,964.0,0,0,2,2038,28.408333333333335,0.0
417648563,2026-01-01,2026-02-01,4226.0,4.0,30.0,0.0,11,1,0,0,0,0,0,0,0,0,0,0,0,13,0,1,0,0,10.0,0.0,0.0,0.0,0.0,0.0,0.0,0.0,14.0,12,0,0,14,1.173888888888889,0.000946521533364884
422008670,2026-01-01,2026-02-01,74913.0,0.0,439.0,0.0,6,0,0,0,1,2,0,0,0,0,0,0,2,1272,246,176,24,0,6.0,0.0,0.0,0.0,1.0,2.0,0.0,2.0,642.0,6,0,2,1718,20.809166666666666,0.0
422017575,2026-01-01,2026-02-01,160733.0,0.0,595.0,0.0,0,0,0,0,1,0,65,6,10,22,9,0,9,128,36,13,1,1,0.0,0.0,0.0,0.0,1.0,0.0,44.0,30.0,82.0,0,81,40,178,44.64805555555556,0.0
425968651,2026-01-01,2026-02-01,73928.0,0.0,264.0,0.0,19,3,19,0,1,0,6,6,5,212,0,0,2,822,20,94,3,0,41.0,0.0,0.0,0.0,1.0,0.0,15.0,90.0,278.0,41,17,214,939,20.535555555555554,0.0
429536893,2026-01-01,2026-02-01,318571.0,6122.0,1384.0,0.0,3,1,0,6,3,0,0,0,1,6,96,0,128,0,0,0,0,0,4.0,6.0,0.0,6.0,3.0,0.0,1.0,210.0,0.0,4,1,230,0,88.49194444444444,0.019217066211299837
429570713,2026-01-01,2026-02-01,88158.0,0.0,146.0,0.0,0,0,0,1,0,2,0,0,0,0,0,0,0,0,0,0,0,0,0.0,1.0,0.0,1.0,0.0,2.0,0.0,0.0,0.0,0,0,0,0,24.488333333333333,0.0
429576946,2026-01-01,2026-02-01,196505.0,2152.0,726.0,0.0,2,3,2,7,1,0,0,0,0,3,9,0,20,857,102,60,40,1,7.0,7.0,0.0,7.0,1.0,0.0,0.0,30.0,353.0,7,0,32,1059,54.584722222222226,0.010951375283071678
434846817,2026-01-01,2026-02-01,274364.0,87866.0,259.0,0.0,9,2,3,5,0,0,0,0,0,0,1,0,1,0,0,0,0,0,14.0,2.0,1.0,3.0,0.0,0.0,0.0,1.0,0.0,14,0,2,0,76.21222222222222,0.32025338601274217
434850546,2026-01-01,2026-02-01,185908.0,21052.0,679.0,44.0,10,0,2,70,0,0,0,0,0,3,6,0,6,0,0,0,0,0,12.0,4.0,9.0,13.0,0.0,0.0,0.0,11.0,0.0,12,0,15,0,51.64111111111111,0.11323880629128386
434885978,2026-01-01,2026-02-01,77015.0,0.0,469.0,0.0,0,1,0,0,1,2,5,0,4,22,0,0,3,739,119,47,5,0,1.0,0.0,0.0,0.0,1.0,2.0,9.0,12.0,278.0,1,9,25,910,21.393055555555556,0.0
434887440,2026-01-01,2026-02-01,50933.0,213.0,529.0,1.0,131,3,6,0,0,0,0,0,0,0,0,0,0,0,0,0,0,0,134.0,0.0,0.0,0.0,0.0,0.0,0.0,0.0,0.0,140,0,0,0,14.148055555555555,0.00418196454165276
435028160,2026-01-01,2026-02-01,225503.0,2534.0,138.0,0.0,0,1,0,0,0,0,0,0,1,0,8,0,26,0,0,0,0,2,1.0,0.0,0.0,0.0,0.0,0.0,1.0,33.0,0.0,1,1,34,0,62.639722222222225,0.011237101058522504
435288506,2026-01-01,2026-02-01,20227.0,0.0,205.0,0.0,0,0,0,0,25,0,0,0,2,0,2,0,0,0,0,0,0,0,0.0,0.0,0.0,0.0,22.0,0.0,2.0,2.0,0.0,0,2,2,0,5.618611111111111,0.0
436759512,2026-01-01,2026-02-01,225570.0,0.0,417.0,0.0,0,1,1,0,0,0,0,0,1,2,5,0,2,0,0,0,0,0,2.0,0.0,0.0,0.0,0.0,0.0,1.0,7.0,0.0,2,1,9,0,62.65833333333333,0.0
437380121,2026-01-01,2026-02-01,290064.0,42429.0,444.0,0.0,0,0,0,0,1,2,9,10,5,783,29,8,6,126,94,31,25,0,0.0,0.0,0.0,0.0,1.0,1.0,21.0,60.0,198.0,0,24,826,276,80.57333333333334,0.14627461525732252
437381828,2026-01-01,2026-02-01,369802.0,58915.0,354.0,0.0,1,1,0,0,2,1,0,0,5,0,0,0,4,0,0,0,0,0,2.0,0.0,0.0,0.0,2.0,1.0,5.0,4.0,0.0,2,5,4,0,102.72277777777778,0.1593149847756367
442548435,2026-01-01,2026-02-01,9032.0,0.0,12.0,0.0,0,1,1,0,2,0,0,0,0,0,1,0,0,0,0,0,0,0,2.0,0.0,0.0,0.0,1.0,0.0,0.0,1.0,0.0,2,0,1,0,2.508888888888889,0.0
443385724,2026-01-01,2026-02-01,49545.0,0.0,102.0,0.0,2,0,0,0,0,1,0,0,0,0,1,0,2,0,0,0,0,0,2.0,0.0,0.0,0.0,0.0,1.0,0.0,2.0,0.0,2,0,3,0,13.7625,0.0
443413751,2026-01-01,2026-02-01,196190.0,5920.0,719.0,0.0,2,3,0,38,0,0,0,0,0,0,3,0,3,0,0,0,0,0,4.0,1.0,8.0,9.0,0.0,0.0,0.0,4.0,0.0,5,0,6,0,54.49722222222222,0.030174830521433306
443657921,2026-01-01,2026-02-01,308076.0,0.0,1049.0,0.0,8,16,1,0,1,0,0,0,2,3,3,0,132,0,0,0,0,0,25.0,0.0,0.0,0.0,1.0,0.0,2.0,132.0,0.0,25,2,138,0,85.57666666666667,0.0
443665553,2026-01-01,2026-02-01,24804.0,488.0,94.0,4.238095238095238,0,0,0,0,0,0,0,0,0,0,0,0,0,78,43,11,5,0,0.0,0.0,0.0,0.0,0.0,0.0,0.0,0.0,66.0,0,0,0,137,6.89,0.01967424608934043
443668611,2026-01-01,2026-02-01,50809.0,0.0,301.0,0.0,0,0,0,0,0,0,0,0,0,1,2,0,0,1280,304,127,27,0,0.0,0.0,0.0,0.0,0.0,0.0,0.0,2.0,607.0,0,0,3,1738,14.113611111111112,0.0
443717449,2026-01-01,2026-02-01,330811.0,10851.0,1210.0,0.0,5,2,7,19,1,0,0,0,0,1,47,0,81,0,0,0,0,0,14.0,2.0,6.0,8.0,1.0,0.0,0.0,118.0,0.0,14,0,129,0,91.89194444444445,0.03280120673133602
443733464,2026-01-01,2026-02-01,22683.0,0.0,139.0,0.0,0,0,0,0,0,0,0,0,0,0,0,0,0,977,132,63,14,0,0.0,0.0,0.0,0.0,0.0,0.0,0.0,0.0,214.0,0,0,0,1186,6.300833333333333,0.0
443744270,2026-01-01,2026-02-01,218275.0,0.0,574.0,0.0,1,2,1,5,1,1,0,0,9,5,63,0,16,76,53,24,9,1,4.0,5.0,0.0,5.0,1.0,1.0,9.0,72.0,95.0,4,9,84,162,60.63194444444444,0.0
443749850,2026-01-01,2026-02-01,369829.0,63792.0,427.0,0.0,1,9,9,13,4,0,0,0,0,1,1,0,7,0,0,8,0,1,19.0,3.0,3.0,6.0,4.0,0.0,0.0,9.0,8.0,19,0,9,8,102.73027777777777,0.17249052940683396
443842503,2026-01-01,2026-02-01,106613.0,17381.0,68.0,0.0,0,0,0,0,0,0,0,0,2,0,0,0,0,0,0,0,0,0,0.0,0.0,0.0,0.0,0.0,0.0,2.0,0.0,0.0,0,2,0,0,29.614722222222223,0.1630288989147665
452453885,2026-01-01,2026-02-01,6402.0,0.0,48.0,0.0,0,0,0,0,0,0,0,0,0,0,0,0,0,0,81,38,4,0,0.0,0.0,0.0,0.0,0.0,0.0,0.0,0.0,102.0,0,0,0,123,1.7783333333333333,0.0
452460611,2026-01-01,2026-02-01,139137.0,0.0,189.0,0.0,2,2,1,0,15,0,0,0,0,0,5,0,34,270,16,22,5,0,5.0,0.0,0.0,0.0,13.0,0.0,0.0,38.0,88.0,5,0,39,313,38.649166666666666,0.0
452477724,2026-01-01,2026-02-01,215255.0,949.0,576.0,0.0,0,5,1,0,0,0,50,6,10,13,47,0,139,554,136,46,8,0,5.0,0.0,0.0,0.0,0.0,0.0,42.0,171.0,271.0,6,66,199,744,59.793055555555554,0.004408724536015423
452787130,2026-01-01,2026-02-01,57159.0,0.0,556.0,0.0,220,2,20,0,0,0,0,0,0,0,0,0,0,92,9,6,0,0,231.0,0.0,0.0,0.0,0.0,0.0,0.0,0.0,32.0,242,0,0,107,15.8775,0.0
453865293,2026-01-01,2026-02-01,275225.0,11255.0,535.0,0.0,5,29,3,1,1,0,0,0,0,1,10,0,22,0,0,0,0,0,37.0,1.0,0.0,1.0,1.0,0.0,0.0,32.0,0.0,37,0,33,0,76.45138888888889,0.04089381415205741
453885405,2026-01-01,2026-02-01,85735.0,0.0,690.0,0.0,0,0,0,0,0,0,0,0,0,1,1,0,2,4152,369,310,35,0,0.0,0.0,0.0,0.0,0.0,0.0,0.0,2.0,1013.0,0,0,4,4866,23.815277777777776,0.0
453948326,2026-01-01,2026-02-01,296616.0,7293.0,734.0,0.0,5,12,0,5,0,0,0,0,0,4,36,1,37,0,0,0,0,0,17.0,5.0,0.0,5.0,0.0,0.0,0.0,65.0,0.0,17,0,78,0,82.39333333333333,0.024587345254470427
454258476,2026-01-01,2026-02-01,9445.0,0.0,32.0,0.0,2,0,0,0,0,0,0,0,0,0,0,0,0,0,0,0,0,0,2.0,0.0,0.0,0.0,0.0,0.0,0.0,0.0,0.0,2,0,0,0,2.623611111111111,0.0
454260123,2026-01-01,2026-02-01,251124.0,3567.0,994.0,0.0,11,11,7,24,1,0,0,0,6,0,33,0,132,771,118,61,24,0,27.0,24.0,0.0,24.0,1.0,0.0,6.0,154.0,338.0,29,6,165,974,69.75666666666666,0.014204138194676733
454270937,2026-01-01,2026-02-01,267285.0,1062.0,914.0,0.0,0,3,3,0,3,0,0,0,0,1,17,0,13,0,0,0,0,0,6.0,0.0,0.0,0.0,3.0,0.0,0.0,30.0,0.0,6,0,31,0,74.24583333333334,0.003973286940905775
454535057,2026-01-01,2026-02-01,71964.0,0.0,889.0,0.0,168,18,11,0,0,0,0,0,0,1,0,0,2,0,0,0,0,0,180.0,0.0,0.0,0.0,0.0,0.0,0.0,2.0,0.0,197,0,3,0,19.99,0.0
456979367,2026-01-01,2026-02-01,74660.0,0.0,1025.0,0.0,120,17,10,0,0,1,0,0,0,0,2,0,3,0,0,0,0,0,141.0,0.0,0.0,0.0,0.0,1.0,0.0,4.0,0.0,147,0,5,0,20.738888888888887,0.0
457001649,2026-01-01,2026-02-01,82.0,0.0,28.0,0.0,0,0,0,0,0,0,0,0,0,0,0,0,0,0,0,0,0,0,0.0,0.0,0.0,0.0,0.0,0.0,0.0,0.0,0.0,0,0,0,0,0.02277777777777778,0.0
457147010,2026-01-01,2026-02-01,37397.0,0.0,614.0,0.0,158,6,2,0,0,0,0,0,0,0,0,0,0,0,0,0,0,0,143.0,0.0,0.0,0.0,0.0,0.0,0.0,0.0,0.0,166,0,0,0,10.388055555555555,0.0
458181322,2026-01-01,2026-02-01,64248.0,0.0,494.0,0.0,89,14,0,0,0,0,0,0,0,0,1,0,4,0,0,0,0,0,102.0,0.0,0.0,0.0,0.0,0.0,0.0,4.0,0.0,103,0,5,0,17.846666666666668,0.0
458653334,2026-01-01,2026-02-01,34749.0,0.0,515.0,0.0,0,0,0,0,0,0,0,0,0,0,0,0,0,0,0,0,0,0,0.0,0.0,0.0,0.0,0.0,0.0,0.0,0.0,0.0,0,0,0,0,9.6525,0.0
458743772,2026-01-01,2026-02-01,20805.0,0.0,88.0,0.0,8,0,1,0,0,0,0,0,0,0,0,0,0,0,0,0,0,0,8.0,0.0,0.0,0.0,0.0,0.0,0.0,0.0,0.0,9,0,0,0,5.779166666666667,0.0
458748209,2026-01-01,2026-02-01,118608.0,0.0,953.0,0.0,100,15,4,0,0,0,0,0,0,2,2,0,6,0,0,1,0,0,114.0,0.0,0.0,0.0,0.0,0.0,0.0,7.0,1.0,119,0,10,1,32.946666666666665,0.0
458886154,2026-01-01,2026-02-01,87680.0,0.0,1684.0,0.0,500,45,11,0,0,0,0,0,0,4,5,0,14,0,0,1,0,0,471.0,0.0,0.0,0.0,0.0,0.0,0.0,16.0,1.0,556,0,23,1,24.355555555555554,0.0
458891357,2026-01-01,2026-02-01,116490.0,0.0,1112.0,0.0,317,41,16,0,0,0,0,0,0,1,0,1,7,0,0,1,0,0,352.0,0.0,0.0,0.0,0.0,0.0,0.0,7.0,1.0,374,0,9,1,32.358333333333334,0.0
459503546,2026-01-01,2026-02-01,63493.0,0.0,600.0,0.0,0,0,0,0,0,0,0,0,0,3,5,0,4,0,0,0,0,0,0.0,0.0,0.0,0.0,0.0,0.0,0.0,6.0,0.0,0,0,12,0,17.636944444444445,0.0
459504879,2026-01-01,2026-02-01,110137.0,466.0,1042.0,0.0,193,9,3,0,0,0,0,0,0,0,0,0,0,0,0,0,0,0,196.0,0.0,0.0,0.0,0.0,0.0,0.0,0.0,0.0,205,0,0,0,30.593611111111112,0.0042310940011077115
459505113,2026-01-01,2026-02-01,24197.0,0.0,51.0,0.0,0,0,0,0,0,0,61,12,10,46,222,0,38,1100,64,139,51,0,0.0,0.0,0.0,0.0,0.0,0.0,60.0,70.0,304.0,0,83,306,1354,6.721388888888889,0.0
459505768,2026-01-01,2026-02-01,55212.0,0.0,609.0,0.0,0,0,0,0,0,0,0,0,0,0,5,0,9,0,0,0,0,0,0.0,0.0,0.0,0.0,0.0,0.0,0.0,10.0,0.0,0,0,14,0,15.336666666666666,0.0
459506000,2026-01-01,2026-02-01,77588.0,0.0,1004.0,0.0,0,0,0,0,0,0,0,0,0,2,3,0,8,0,0,0,0,0,0.0,0.0,0.0,0.0,0.0,0.0,0.0,8.0,0.0,0,0,13,0,21.552222222222223,0.0
459506170,2026-01-01,2026-02-01,4105.0,0.0,14.0,0.0,6,0,1,0,0,0,0,0,0,0,0,0,0,0,0,0,0,0,7.0,0.0,0.0,0.0,0.0,0.0,0.0,0.0,0.0,7,0,0,0,1.1402777777777777,0.0
459506928,2026-01-01,2026-02-01,154710.0,0.0,1534.0,0.0,0,0,0,0,0,0,0,0,0,0,3,0,3,0,0,0,0,0,0.0,0.0,0.0,0.0,0.0,0.0,0.0,6.0,0.0,0,0,6,0,42.975,0.0
459618013,2026-01-01,2026-02-01,62088.0,6848.0,813.0,82.0,0,7,2,13,0,10,0,0,0,0,0,0,1,0,0,5,0,0,9.0,2.0,4.0,6.0,0.0,10.0,0.0,1.0,5.0,9,0,1,5,17.246666666666666,0.11029506506893441
460126388,2026-01-01,2026-02-01,97195.0,0.0,971.0,0.0,0,0,0,0,0,0,0,0,0,0,0,0,0,0,0,0,0,0,0.0,0.0,0.0,0.0,0.0,0.0,0.0,0.0,0.0,0,0,0,0,26.99861111111111,0.0
460126455,2026-01-01,2026-02-01,76734.0,0.0,564.0,0.0,146,7,8,0,0,0,0,0,0,4,6,0,10,0,0,0,0,0,152.0,0.0,0.0,0.0,0.0,0.0,0.0,11.0,0.0,161,0,20,0,21.315,0.0
460126626,2026-01-01,2026-02-01,31233.0,0.0,355.0,0.0,71,2,1,0,0,0,0,0,0,0,0,0,1,0,0,0,0,0,71.0,0.0,0.0,0.0,0.0,0.0,0.0,1.0,0.0,74,0,1,0,8.675833333333333,0.0
460126729,2026-01-01,2026-02-01,335912.0,2198.0,921.0,0.0,0,2,0,0,0,0,0,0,2,0,86,0,22,0,0,0,0,0,2.0,0.0,0.0,0.0,0.0,0.0,2.0,104.0,0.0,2,2,108,0,93.30888888888889,0.006543380409154778
460126901,2026-01-01,2026-02-01,351843.0,5407.0,1146.0,13.0,44,21,3,5,0,0,0,0,4,6,45,0,225,0,0,0,0,1,68.0,5.0,0.0,5.0,0.0,0.0,4.0,245.0,0.0,68,4,276,0,97.73416666666667,0.015367649775610144
464361907,2026-01-01,2026-02-01,1596.0,0.0,12.0,0.0,0,0,0,0,0,0,0,0,0,0,0,0,0,0,5,4,0,0,0.0,0.0,0.0,0.0,0.0,0.0,0.0,0.0,9.0,0,0,0,9,0.44333333333333336,0.0
464367957,2026-01-01,2026-02-01,76071.0,0.0,469.0,0.0,0,0,0,0,0,0,0,0,0,1,2,0,2,1445,558,176,39,0,0.0,0.0,0.0,0.0,0.0,0.0,0.0,3.0,942.0,0,0,5,2218,21.13083333333333,0.0
464368268,2026-01-01,2026-02-01,86207.0,0.0,666.0,0.0,0,0,0,0,0,0,0,0,0,1,2,0,5,416,334,143,131,0,0.0,0.0,0.0,0.0,0.0,0.0,0.0,5.0,680.0,0,0,8,1024,23.94638888888889,0.0
464397351,2026-01-01,2026-02-01,209770.0,0.0,417.0,0.0,0,1,3,0,1,0,0,0,0,1,6,0,23,0,0,0,0,0,4.0,0.0,0.0,0.0,1.0,0.0,0.0,30.0,0.0,4,0,30,0,58.269444444444446,0.0
464868635,2026-01-01,2026-02-01,352224.0,9994.0,1361.0,0.0,9,25,1,3,3,0,0,0,0,0,28,0,11,0,0,0,0,0,34.0,3.0,0.0,3.0,3.0,0.0,0.0,39.0,0.0,35,0,39,0,97.84,0.02837398927954938
464878170,2026-01-01,2026-02-01,49129.0,0.0,364.0,0.0,0,0,0,0,0,0,0,0,0,1,0,0,1,2192,329,70,24,0,0.0,0.0,0.0,0.0,0.0,0.0,0.0,2.0,559.0,0,0,2,2615,13.646944444444445,0.0
466915879,2026-01-01,2026-02-01,10897.0,0.0,20.0,0.0,26,0,0,0,0,0,0,0,0,0,0,0,2,0,0,0,0,0,24.0,0.0,0.0,0.0,0.0,0.0,0.0,2.0,0.0,26,0,2,0,3.0269444444444447,0.0
466968443,2026-01-01,2026-02-01,136176.0,0.0,365.0,0.0,0,0,0,0,0,0,0,0,0,0,1,0,43,0,0,0,0,0,0.0,0.0,0.0,0.0,0.0,0.0,0.0,44.0,0.0,0,0,44,0,37.82666666666667,0.0
467597649,2026-01-01,2026-02-01,72188.0,0.0,610.0,0.0,0,0,0,0,0,0,0,0,0,2,3,0,2,1960,507,228,35,0,0.0,0.0,0.0,0.0,0.0,0.0,0.0,3.0,867.0,0,0,7,2730,20.052222222222223,0.0
507264328,2026-01-01,2026-02-01,33732.0,0.0,287.0,0.0,151,7,11,0,0,0,0,0,0,0,1,0,0,0,0,0,0,0,166.0,0.0,0.0,0.0,0.0,0.0,0.0,1.0,0.0,169,0,1,0,9.37,0.0
507264889,2026-01-01,2026-02-01,39879.0,0.0,215.0,0.0,87,0,0,0,0,0,0,0,0,0,0,0,2,0,0,0,0,0,87.0,0.0,0.0,0.0,0.0,0.0,0.0,2.0,0.0,87,0,2,0,11.0775,0.0
507271653,2026-01-01,2026-02-01,85890.0,0.0,900.0,0.0,313,12,32,0,0,1,0,0,0,2,3,0,1,0,0,1,0,0,326.0,0.0,0.0,0.0,0.0,1.0,0.0,4.0,1.0,357,0,6,1,23.858333333333334,0.0
507301777,2026-01-01,2026-02-01,135914.0,0.0,603.0,0.0,9,0,0,2,1,3,30,16,9,73,43,0,46,313,91,61,12,0,9.0,2.0,0.0,2.0,1.0,3.0,44.0,92.0,246.0,9,55,162,477,37.75388888888889,0.0
507302529,2026-01-01,2026-02-01,190793.0,52202.0,316.0,13.0,2,7,0,17,1,1,18,6,2,56,57,0,42,366,53,119,97,1,9.0,0.0,2.0,2.0,1.0,1.0,18.0,92.0,290.0,9,26,155,635,52.99805555555555,0.2736054257755788
507302670,2026-01-01,2026-02-01,21150.0,0.0,165.0,0.0,96,11,3,0,0,0,0,0,0,1,0,0,0,0,0,0,0,0,104.0,0.0,0.0,0.0,0.0,0.0,0.0,1.0,0.0,110,0,1,0,5.875,0.0
507303198,2026-01-01,2026-02-01,152481.0,953.0,215.0,0.0,4,1,0,0,0,10,0,0,2,0,14,0,46,0,0,0,0,0,5.0,0.0,0.0,0.0,0.0,10.0,2.0,59.0,0.0,5,2,60,0,42.35583333333334,0.006249959011286652
507451763,2026-01-01,2026-02-01,396932.0,74155.0,1019.0,0.0,3,0,2,0,0,2,0,0,0,1,11,0,1,0,0,8,0,3,5.0,0.0,0.0,0.0,0.0,2.0,0.0,13.0,8.0,5,0,13,8,110.25888888888889,0.1868204125643687
509386574,2026-01-01,2026-02-01,875.0,0.0,0.0,0.0,0,0,0,0,0,0,0,0,0,0,0,0,0,0,0,0,0,0,0.0,0.0,0.0,0.0,0.0,0.0,0.0,0.0,0.0,0,0,0,0,0.24305555555555555,0.0
509387327,2026-01-01,2026-02-01,565.0,0.0,0.0,0.0,0,0,0,0,0,0,0,0,0,0,0,0,0,0,0,0,0,0,0.0,0.0,0.0,0.0,0.0,0.0,0.0,0.0,0.0,0,0,0,0,0.15694444444444444,0.0
509401137,2026-01-01,2026-02-01,2641.0,0.0,0.0,0.0,0,0,0,0,0,0,0,0,0,0,0,0,0,0,0,0,0,0,0.0,0.0,0.0,0.0,0.0,0.0,0.0,0.0,0.0,0,0,0,0,0.7336111111111111,0.0
509500466,2026-01-01,2026-02-01,12441.0,0.0,0.0,0.0,0,0,0,0,0,0,0,0,0,0,0,0,0,0,0,0,0,0,0.0,0.0,0.0,0.0,0.0,0.0,0.0,0.0,0.0,0,0,0,0,3.4558333333333335,0.0
509636001,2026-01-01,2026-02-01,32062.0,0.0,597.0,0.0,167,3,11,0,0,0,0,0,0,0,1,0,2,0,0,0,0,0,164.0,0.0,0.0,0.0,0.0,0.0,0.0,2.0,0.0,181,0,3,0,8.90611111111111,0.0
509636042,2026-01-01,2026-02-01,78021.0,0.0,557.0,0.0,226,4,5,0,0,0,0,0,0,1,2,0,2,0,0,0,0,0,224.0,0.0,0.0,0.0,0.0,0.0,0.0,4.0,0.0,235,0,5,0,21.6725,0.0
509636074,2026-01-01,2026-02-01,42202.0,0.0,310.0,0.0,87,4,5,0,0,0,0,0,0,0,1,0,1,0,0,0,0,0,96.0,0.0,0.0,0.0,0.0,0.0,0.0,2.0,0.0,96,0,2,0,11.722777777777777,0.0
509636527,2026-01-01,2026-02-01,9795.0,0.0,96.0,0.0,36,0,2,0,0,0,0,0,0,0,1,0,1,0,0,0,0,0,37.0,0.0,0.0,0.0,0.0,0.0,0.0,1.0,0.0,38,0,2,0,2.720833333333333,0.0
509636557,2026-01-01,2026-02-01,60836.0,0.0,670.0,0.0,256,24,36,0,0,0,0,0,0,1,3,0,3,0,0,1,0,0,296.0,0.0,0.0,0.0,0.0,0.0,0.0,5.0,1.0,316,0,7,1,16.898888888888887,0.0
509636584,2026-01-01,2026-02-01,32030.0,0.0,284.0,0.0,157,5,2,0,0,0,0,0,0,0,0,0,0,460,95,72,11,0,155.0,0.0,0.0,0.0,0.0,0.0,0.0,0.0,182.0,164,0,0,638,8.897222222222222,0.0
509636615,2026-01-01,2026-02-01,39952.0,0.0,467.0,0.0,68,2,7,0,0,0,0,0,0,0,0,0,0,507,35,33,10,0,70.0,0.0,0.0,0.0,0.0,0.0,0.0,0.0,136.0,77,0,0,585,11.097777777777777,0.0
509636684,2026-01-01,2026-02-01,36335.0,2044.0,388.0,31.0,78,2,3,0,0,0,0,0,0,0,1,0,2,0,0,0,0,0,76.0,0.0,0.0,0.0,0.0,0.0,0.0,2.0,0.0,83,0,3,0,10.093055555555555,0.0562543002614559
509636707,2026-01-01,2026-02-01,44101.0,0.0,438.0,0.0,110,3,2,0,0,0,0,0,0,0,1,0,0,0,0,0,0,0,108.0,0.0,0.0,0.0,0.0,0.0,0.0,1.0,0.0,115,0,1,0,12.250277777777777,0.0
509637163,2026-01-01,2026-02-01,19263.0,0.0,105.0,0.0,0,0,0,0,0,0,0,0,0,0,1,0,1,222,26,58,27,0,0.0,0.0,0.0,0.0,0.0,0.0,0.0,1.0,183.0,0,0,2,333,5.350833333333333,0.0
509637211,2026-01-01,2026-02-01,4762.0,0.0,80.0,0.0,10,0,2,0,0,0,0,0,0,0,0,0,0,0,0,0,0,0,12.0,0.0,0.0,0.0,0.0,0.0,0.0,0.0,0.0,12,0,0,0,1.3227777777777778,0.0
509637286,2026-01-01,2026-02-01,49212.0,37.0,438.0,0.0,50,0,0,0,0,0,0,0,0,1,1,0,1,0,0,0,0,0,45.0,0.0,0.0,0.0,0.0,0.0,0.0,2.0,0.0,50,0,3,0,13.67,0.0007518491424855727
509637397,2026-01-01,2026-02-01,24543.0,0.0,190.0,0.0,105,7,10,0,0,0,0,0,0,0,0,0,2,0,0,2,0,0,118.0,0.0,0.0,0.0,0.0,0.0,0.0,2.0,2.0,122,0,2,2,6.8175,0.0
509637506,2026-01-01,2026-02-01,97823.0,0.0,1395.0,0.0,173,3,4,0,0,0,0,0,0,0,1,0,0,0,0,0,0,0,149.0,0.0,0.0,0.0,0.0,0.0,0.0,1.0,0.0,180,0,1,0,27.173055555555557,0.0
509637523,2026-01-01,2026-02-01,34703.0,40.0,460.0,0.0,111,1,7,0,0,0,0,0,0,0,2,0,0,0,0,0,0,0,111.0,0.0,0.0,0.0,0.0,0.0,0.0,2.0,0.0,119,0,2,0,9.639722222222222,0.0011526381004524104
509637553,2026-01-01,2026-02-01,78765.0,0.0,1419.0,0.0,66,5,2,0,0,0,0,0,0,1,2,0,5,0,0,0,0,0,71.0,0.0,0.0,0.0,0.0,0.0,0.0,5.0,0.0,73,0,8,0,21.879166666666666,0.0
509637621,2026-01-01,2026-02-01,64449.0,0.0,921.0,0.0,303,10,11,0,0,0,0,0,0,1,4,0,8,0,0,0,0,0,304.0,0.0,0.0,0.0,0.0,0.0,0.0,8.0,0.0,324,0,13,0,17.9025,0.0
509637652,2026-01-01,2026-02-01,95998.0,0.0,1539.0,0.0,79,19,3,0,0,0,0,0,0,6,9,0,1,0,0,0,0,0,96.0,0.0,0.0,0.0,0.0,0.0,0.0,10.0,0.0,101,0,16,0,26.66611111111111,0.0
509637688,2026-01-01,2026-02-01,93709.0,0.0,1289.0,0.0,73,1,0,0,0,0,0,0,0,1,2,0,0,0,0,1,0,0,70.0,0.0,0.0,0.0,0.0,0.0,0.0,2.0,1.0,74,0,3,1,26.030277777777776,0.0
509637738,2026-01-01,2026-02-01,63396.0,0.0,786.0,0.0,93,1,0,0,0,0,0,0,0,0,2,0,5,0,0,0,0,0,88.0,0.0,0.0,0.0,0.0,0.0,0.0,6.0,0.0,94,0,7,0,17.61,0.0
509637769,2026-01-01,2026-02-01,76819.0,0.0,391.0,0.0,0,0,0,0,0,0,0,0,0,0,3,0,0,1785,278,291,72,0,0.0,0.0,0.0,0.0,0.0,0.0,0.0,3.0,833.0,0,0,3,2426,21.33861111111111,0.0
509637807,2026-01-01,2026-02-01,604.0,0.0,0.0,0.0,0,0,0,0,0,0,0,0,0,0,0,0,0,0,0,0,0,0,0.0,0.0,0.0,0.0,0.0,0.0,0.0,0.0,0.0,0,0,0,0,0.16777777777777778,0.0
509637851,2026-01-01,2026-02-01,143728.0,0.0,1771.0,0.0,92,6,0,0,0,0,0,0,0,6,6,0,8,0,0,0,0,0,93.0,0.0,0.0,0.0,0.0,0.0,0.0,11.0,0.0,98,0,20,0,39.92444444444445,0.0
509637879,2026-01-01,2026-02-01,1110.0,0.0,0.0,0.0,0,0,0,0,0,0,0,0,0,0,0,0,0,0,0,0,0,0,0.0,0.0,0.0,0.0,0.0,0.0,0.0,0.0,0.0,0,0,0,0,0.30833333333333335,0.0
509637899,2026-01-01,2026-02-01,53253.0,0.0,398.0,0.0,93,6,0,0,0,0,0,0,0,1,1,0,4,0,0,0,0,0,93.0,0.0,0.0,0.0,0.0,0.0,0.0,4.0,0.0,99,0,6,0,14.7925,0.0
509637926,2026-01-01,2026-02-01,114047.0,0.0,1312.0,0.0,217,16,8,0,0,0,0,0,0,3,5,0,6,0,0,0,0,0,233.0,0.0,0.0,0.0,0.0,0.0,0.0,8.0,0.0,241,0,14,0,31.67972222222222,0.0
509637948,2026-01-01,2026-02-01,146760.0,0.0,1916.0,0.0,138,1,2,0,0,0,0,0,0,1,1,0,5,0,0,1,0,0,137.0,0.0,0.0,0.0,0.0,0.0,0.0,6.0,1.0,141,0,7,1,40.766666666666666,0.0
511461222,2026-01-01,2026-02-01,63842.0,0.0,457.0,0.0,53,1,1,0,0,0,0,0,0,1,2,0,0,0,0,0,0,0,55.0,0.0,0.0,0.0,0.0,0.0,0.0,2.0,0.0,55,0,3,0,17.733888888888888,0.0
511465936,2026-01-01,2026-02-01,95166.0,0.0,762.0,0.0,210,11,17,0,0,0,0,0,0,0,3,0,2,0,0,0,0,0,233.0,0.0,0.0,0.0,0.0,0.0,0.0,5.0,0.0,238,0,5,0,26.435,0.0
511466682,2026-01-01,2026-02-01,92453.0,0.0,742.0,0.0,114,8,0,0,0,0,0,0,0,0,0,1,5,0,0,0,0,0,122.0,0.0,0.0,0.0,0.0,0.0,0.0,6.0,0.0,122,0,6,0,25.68138888888889,0.0
511467063,2026-01-01,2026-02-01,552.0,0.0,0.0,0.0,0,0,0,0,0,0,0,0,0,0,0,0,0,0,0,0,0,0,0.0,0.0,0.0,0.0,0.0,0.0,0.0,0.0,0.0,0,0,0,0,0.15333333333333332,0.0
511467316,2026-01-01,2026-02-01,52701.0,0.0,355.0,0.0,129,8,8,0,0,0,0,0,0,0,0,0,0,0,0,0,0,0,137.0,0.0,0.0,0.0,0.0,0.0,0.0,0.0,0.0,145,0,0,0,14.639166666666666,0.0
511468560,2026-01-01,2026-02-01,128185.0,0.0,1660.0,0.0,334,20,6,0,0,0,0,0,0,9,11,0,9,0,0,0,0,0,344.0,0.0,0.0,0.0,0.0,0.0,0.0,14.0,0.0,360,0,29,0,35.606944444444444,0.0
511471809,2026-01-01,2026-02-01,112151.0,0.0,715.0,0.0,192,40,12,0,0,0,0,0,0,3,3,0,14,0,0,0,0,0,237.0,0.0,0.0,0.0,0.0,0.0,0.0,14.0,0.0,244,0,20,0,31.153055555555557,0.0
511472023,2026-01-01,2026-02-01,38488.0,0.0,103.0,0.0,34,1,0,0,0,0,0,0,0,0,1,0,3,0,0,0,0,0,33.0,0.0,0.0,0.0,0.0,0.0,0.0,3.0,0.0,35,0,4,0,10.69111111111111,0.0
511472466,2026-01-01,2026-02-01,63573.0,0.0,827.0,0.0,47,16,0,0,0,0,0,0,0,0,1,0,1,0,0,0,0,0,63.0,0.0,0.0,0.0,0.0,0.0,0.0,1.0,0.0,63,0,2,0,17.659166666666668,0.0
511473273,2026-01-01,2026-02-01,13.0,0.0,0.0,0.0,0,0,0,0,0,0,0,0,0,0,0,0,0,0,0,0,0,0,0.0,0.0,0.0,0.0,0.0,0.0,0.0,0.0,0.0,0,0,0,0,0.003611111111111111,0.0
511506093,2026-01-01,2026-02-01,112580.0,0.0,1372.0,0.0,214,2,16,0,0,0,0,0,0,0,0,0,0,0,0,0,0,0,216.0,0.0,0.0,0.0,0.0,0.0,0.0,0.0,0.0,232,0,0,0,31.272222222222222,0.0
511506200,2026-01-01,2026-02-01,12001.0,0.0,88.0,0.0,49,1,3,0,0,0,0,0,0,0,1,0,1,0,0,0,0,0,53.0,0.0,0.0,0.0,0.0,0.0,0.0,1.0,0.0,53,0,2,0,3.3336111111111113,0.0
511633709,2026-01-01,2026-02-01,114781.0,0.0,2009.0,0.0,128,6,0,0,0,0,0,0,0,4,8,1,5,0,0,0,0,0,131.0,0.0,0.0,0.0,0.0,0.0,0.0,10.0,0.0,134,0,18,0,31.88361111111111,0.0
511637055,2026-01-01,2026-02-01,30842.0,0.0,364.0,0.0,145,2,9,0,0,0,0,0,0,0,0,0,0,0,0,0,0,0,142.0,0.0,0.0,0.0,0.0,0.0,0.0,0.0,0.0,156,0,0,0,8.567222222222222,0.0
511642492,2026-01-01,2026-02-01,1324.0,0.0,0.0,0.0,1,0,2,0,0,0,0,0,0,0,0,0,0,0,0,0,0,0,2.0,0.0,0.0,0.0,0.0,0.0,0.0,0.0,0.0,3,0,0,0,0.36777777777777776,0.0
511642605,2026-01-01,2026-02-01,86583.0,0.0,1243.0,0.0,100,10,0,0,0,0,0,0,0,1,2,0,2,0,0,0,0,0,109.0,0.0,0.0,0.0,0.0,0.0,0.0,5.0,0.0,110,0,5,0,24.050833333333333,0.0
511879208,2026-01-01,2026-02-01,93241.0,0.0,848.0,0.0,262,19,2,0,0,0,0,0,0,6,5,0,8,0,0,0,0,0,273.0,0.0,0.0,0.0,0.0,0.0,0.0,10.0,0.0,283,0,19,0,25.900277777777777,0.0
511879248,2026-01-01,2026-02-01,66948.0,0.0,539.0,0.0,0,0,0,0,0,0,0,0,0,1,2,0,9,1750,304,124,47,0,0.0,0.0,0.0,0.0,0.0,0.0,0.0,9.0,693.0,0,0,12,2225,18.596666666666668,0.0
511893803,2026-01-01,2026-02-01,498.0,0.0,0.0,0.0,0,0,0,0,0,0,0,0,0,0,0,0,0,0,0,0,0,0,0.0,0.0,0.0,0.0,0.0,0.0,0.0,0.0,0.0,0,0,0,0,0.13833333333333334,0.0
511893849,2026-01-01,2026-02-01,53001.0,0.0,358.0,0.0,145,17,7,0,0,0,0,0,0,0,1,0,5,0,0,0,0,0,161.0,0.0,0.0,0.0,0.0,0.0,0.0,5.0,0.0,169,0,6,0,14.7225,0.0
511893924,2026-01-01,2026-02-01,46692.0,1909.0,719.0,24.0,161,1,5,0,0,0,0,0,0,0,0,0,0,0,0,0,0,0,152.0,0.0,0.0,0.0,0.0,0.0,0.0,0.0,0.0,167,0,0,0,12.97,0.04088494817099289
511897418,2026-01-01,2026-02-01,99103.0,0.0,1077.0,0.0,263,7,6,0,0,0,0,0,0,0,1,0,3,0,0,0,0,0,269.0,0.0,0.0,0.0,0.0,0.0,0.0,4.0,0.0,276,0,4,0,27.52861111111111,0.0
511901995,2026-01-01,2026-02-01,823.0,0.0,0.0,0.0,0,0,0,0,0,0,0,0,0,0,0,0,0,0,0,0,0,0,0.0,0.0,0.0,0.0,0.0,0.0,0.0,0.0,0.0,0,0,0,0,0.2286111111111111,0.0
512980905,2026-01-01,2026-02-01,42830.0,2.0,398.0,0.0,45,5,8,0,0,0,0,0,0,0,1,0,8,0,0,0,0,0,55.0,0.0,0.0,0.0,0.0,0.0,0.0,8.0,0.0,58,0,9,0,11.897222222222222,4.669624095260332e-05
512982665,2026-01-01,2026-02-01,42986.0,0.0,287.0,0.0,47,3,3,0,0,0,0,0,0,0,1,0,5,0,0,0,0,0,51.0,0.0,0.0,0.0,0.0,0.0,0.0,5.0,0.0,53,0,6,0,11.940555555555555,0.0
512989277,2026-01-01,2026-02-01,4152.0,126.0,4.0,0.0,0,0,0,0,0,0,0,0,0,0,0,0,0,0,0,0,0,0,0.0,0.0,0.0,0.0,0.0,0.0,0.0,0.0,0.0,0,0,0,0,1.1533333333333333,0.030346820809248554
512989545,2026-01-01,2026-02-01,62000.0,0.0,543.0,0.0,174,14,11,0,0,0,0,0,0,2,3,0,5,0,0,0,0,0,192.0,0.0,0.0,0.0,0.0,0.0,0.0,6.0,0.0,199,0,10,0,17.22222222222222,0.0
512990207,2026-01-01,2026-02-01,84948.0,0.0,955.0,0.0,236,18,1,0,0,0,0,0,0,3,3,0,0,0,0,0,0,0,249.0,0.0,0.0,0.0,0.0,0.0,0.0,3.0,0.0,255,0,6,0,23.596666666666668,0.0
512990599,2026-01-01,2026-02-01,1645.0,0.0,0.0,0.0,0,0,0,0,0,0,0,0,0,0,0,0,0,0,0,0,0,0,0.0,0.0,0.0,0.0,0.0,0.0,0.0,0.0,0.0,0,0,0,0,0.45694444444444443,0.0
512994171,2026-01-01,2026-02-01,185287.0,3111.0,2825.0,54.0,640,9,11,0,0,0,0,0,0,4,7,1,4,0,0,0,0,0,593.0,0.0,0.0,0.0,0.0,0.0,0.0,11.0,0.0,660,0,16,0,51.46861111111111,0.016790168765212887
513225962,2026-01-01,2026-02-01,137967.0,0.0,3192.0,0.0,136,13,1,0,0,0,0,0,0,2,6,0,11,0,0,0,0,0,145.0,0.0,0.0,0.0,0.0,0.0,0.0,15.0,0.0,150,0,19,0,38.32416666666666,0.0
513226173,2026-01-01,2026-02-01,48703.0,0.0,682.0,0.0,231,11,24,0,0,0,0,0,0,0,0,0,0,0,0,0,0,0,253.0,0.0,0.0,0.0,0.0,0.0,0.0,0.0,0.0,266,0,0,0,13.528611111111111,0.0
513234561,2026-01-01,2026-02-01,97557.0,0.0,1309.0,0.0,271,10,2,0,0,0,0,0,0,3,2,0,3,0,0,0,0,0,274.0,0.0,0.0,0.0,0.0,0.0,0.0,4.0,0.0,283,0,8,0,27.099166666666665,0.0
518311941,2026-01-01,2026-02-01,80947.0,0.0,1127.0,0.0,141,43,3,0,0,0,0,0,0,1,8,0,8,0,0,0,0,0,184.0,0.0,0.0,0.0,0.0,0.0,0.0,13.0,0.0,187,0,17,0,22.485277777777778,0.0
518312065,2026-01-01,2026-02-01,157924.0,3154.0,2068.0,20.0,238,17,16,0,0,0,0,0,0,5,9,0,8,0,0,0,0,0,249.0,0.0,0.0,0.0,0.0,0.0,0.0,14.0,0.0,271,0,22,0,43.867777777777775,0.01997163192421671
518312835,2026-01-01,2026-02-01,84805.0,0.0,764.0,0.0,95,3,2,0,0,0,0,0,0,5,7,0,8,0,0,0,0,0,97.0,0.0,0.0,0.0,0.0,0.0,0.0,11.0,0.0,100,0,20,0,23.556944444444444,0.0
518867282,2026-01-01,2026-02-01,28992.0,0.0,352.0,0.0,139,1,2,0,0,0,0,0,0,1,2,0,2,0,0,0,0,0,132.0,0.0,0.0,0.0,0.0,0.0,0.0,4.0,0.0,142,0,5,0,8.053333333333333,0.0
519107113,2026-01-01,2026-02-01,9047.0,0.0,47.0,0.0,4,0,0,0,0,0,0,0,0,0,0,0,0,0,0,0,0,0,4.0,0.0,0.0,0.0,0.0,0.0,0.0,0.0,0.0,4,0,0,0,2.5130555555555554,0.0
519239748,2026-01-01,2026-02-01,1700.0,0.0,0.0,0.0,0,0,0,0,0,0,0,0,0,0,0,0,0,0,0,0,0,0,0.0,0.0,0.0,0.0,0.0,0.0,0.0,0.0,0.0,0,0,0,0,0.4722222222222222,0.0
519724111,2026-01-01,2026-02-01,3251.0,0.0,9.0,0.0,8,0,0,0,0,0,0,0,0,0,0,0,0,0,0,0,0,0,7.0,0.0,0.0,0.0,0.0,0.0,0.0,0.0,0.0,8,0,0,0,0.9030555555555555,0.0
520139712,2026-01-01,2026-02-01,888.0,0.0,0.0,0.0,0,0,0,0,0,0,0,0,0,0,0,0,0,0,0,0,0,0,0.0,0.0,0.0,0.0,0.0,0.0,0.0,0.0,0.0,0,0,0,0,0.24666666666666667,0.0
523821693,2026-01-01,2026-02-01,59052.0,0.0,523.0,0.0,0,0,0,0,0,0,0,0,0,0,0,0,0,1290,312,79,19,0,0.0,0.0,0.0,0.0,0.0,0.0,0.0,0.0,641.0,0,0,0,1700,16.403333333333332,0.0
523821771,2026-01-01,2026-02-01,45795.0,0.0,266.0,0.0,0,0,0,0,0,0,0,0,0,0,0,0,3,1110,325,101,52,0,0.0,0.0,0.0,0.0,0.0,0.0,0.0,3.0,644.0,0,0,3,1588,12.720833333333333,0.0
523821830,2026-01-01,2026-02-01,47136.0,575.0,280.0,2.0,0,0,0,0,0,0,0,0,0,5,6,0,6,855,264,171,27,0,0.0,0.0,0.0,0.0,0.0,0.0,0.0,7.0,569.0,0,0,17,1317,13.093333333333334,0.012198744059742023
523822046,2026-01-01,2026-02-01,17578.0,0.0,181.0,0.0,0,0,0,0,0,0,0,0,0,0,0,0,0,200,73,42,4,0,0.0,0.0,0.0,0.0,0.0,0.0,0.0,0.0,159.0,0,0,0,319,4.882777777777778,0.0
523822117,2026-01-01,2026-02-01,85806.0,0.0,662.0,0.0,0,0,0,0,0,0,0,0,0,1,1,0,6,2359,285,243,68,0,0.0,0.0,0.0,0.0,0.0,0.0,0.0,7.0,946.0,0,0,8,2955,23.835,0.0
523822178,2026-01-01,2026-02-01,44897.0,0.0,334.0,0.0,0,0,0,0,0,0,0,0,0,0,0,0,3,1606,280,179,14,0,0.0,0.0,0.0,0.0,0.0,0.0,0.0,3.0,602.0,0,0,3,2079,12.471388888888889,0.0
523822248,2026-01-01,2026-02-01,52104.0,0.0,278.0,0.0,0,0,0,0,0,0,0,0,0,1,2,0,4,1119,333,146,35,0,0.0,0.0,0.0,0.0,0.0,0.0,0.0,4.0,600.0,0,0,7,1633,14.473333333333333,0.0
523822313,2026-01-01,2026-02-01,231.0,0.0,0.0,0.0,0,0,0,0,0,0,0,0,0,0,0,0,0,0,0,0,0,0,0.0,0.0,0.0,0.0,0.0,0.0,0.0,0.0,0.0,0,0,0,0,0.06416666666666666,0.0
523822483,2026-01-01,2026-02-01,69305.0,0.0,456.0,0.0,0,0,0,0,0,0,0,0,0,0,1,0,2,2867,68,232,14,0,0.0,0.0,0.0,0.0,0.0,0.0,0.0,3.0,616.0,0,0,3,3181,19.25138888888889,0.0
523823149,2026-01-01,2026-02-01,54064.0,0.0,372.0,0.0,0,0,0,0,0,0,0,0,0,0,2,0,5,1290,277,153,107,0,0.0,0.0,0.0,0.0,0.0,0.0,0.0,5.0,720.0,0,0,7,1827,15.017777777777777,0.0
523823521,2026-01-01,2026-02-01,25784.0,0.0,129.0,0.0,0,0,0,0,0,0,0,0,0,0,3,0,0,119,99,33,36,0,0.0,0.0,0.0,0.0,0.0,0.0,0.0,3.0,195.0,0,0,3,287,7.162222222222222,0.0
523823573,2026-01-01,2026-02-01,44157.0,0.0,338.0,0.0,0,0,0,0,0,0,0,0,0,0,0,0,0,2221,129,158,10,0,0.0,0.0,0.0,0.0,0.0,0.0,0.0,0.0,506.0,0,0,0,2518,12.265833333333333,0.0
523823722,2026-01-01,2026-02-01,21600.0,0.0,137.0,0.0,0,0,0,0,0,0,0,0,0,0,0,0,0,314,47,64,8,0,0.0,0.0,0.0,0.0,0.0,0.0,0.0,0.0,199.0,0,0,0,433,6.0,0.0
523823859,2026-01-01,2026-02-01,80255.0,0.0,577.0,0.0,0,0,0,0,0,0,0,0,0,0,0,0,2,2987,547,234,37,0,0.0,0.0,0.0,0.0,0.0,0.0,0.0,2.0,891.0,0,0,2,3805,22.293055555555554,0.0
523823954,2026-01-01,2026-02-01,60.0,0.0,0.0,0.0,0,0,0,0,0,0,0,0,0,0,0,0,0,0,0,0,0,0,0.0,0.0,0.0,0.0,0.0,0.0,0.0,0.0,0.0,0,0,0,0,0.016666666666666666,0.0
523824244,2026-01-01,2026-02-01,81224.0,1090.0,686.0,8.73076923076923,0,3055,3331,47,0,9,22,22,5,180,249,1,93,1929,486,238,26,0,1703.0,47.0,0.0,47.0,0.0,2.0,46.0,188.0,896.0,6386,49,523,2679,22.56222222222222,0.01341967891263666
523824495,2026-01-01,2026-02-01,27182.0,0.0,253.0,0.0,0,0,0,0,0,0,0,0,0,1,1,0,2,575,193,50,26,0,0.0,0.0,0.0,0.0,0.0,0.0,0.0,2.0,314.0,0,0,4,844,7.5505555555555555,0.0
524596949,2026-01-01,2026-02-01,29726.0,0.0,260.0,0.0,0,0,0,0,0,0,0,0,0,0,1,0,2,657,50,73,30,0,0.0,0.0,0.0,0.0,0.0,0.0,0.0,3.0,253.0,0,0,3,810,8.257222222222222,0.0
524598261,2026-01-01,2026-02-01,114433.0,191.0,947.0,0.0,0,0,0,0,0,0,0,0,0,5,5,0,8,3515,702,331,72,0,0.0,0.0,0.0,0.0,0.0,0.0,0.0,10.0,1449.0,0,0,18,4620,31.786944444444444,0.0016690989487298245
524598614,2026-01-01,2026-02-01,77095.0,0.0,525.0,0.0,0,0,0,0,0,0,0,0,0,0,1,0,4,2382,344,222,39,0,0.0,0.0,0.0,0.0,0.0,0.0,0.0,4.0,943.0,0,0,5,2987,21.415277777777778,0.0
