vehicle_id,window_start,ubi_proxy_score_base,ubi_proxy_score_vlm,score_delta,rank_base,rank_vlm,rank_delta,vehicle_behaviour_class_base,vehicle_behaviour_class_vlm,covered_ratio,covered_clips,total_clips
366594846,2026-01-01,0.8564342629482071,0.8559561752988049,-0.0004780876494022701,1.0,1.0,0.0,High,High,0.0,0.0,
523824244,2026-01-01,0.8310557768924303,0.8328087649402391,0.0017529880478088788,2.0,2.0,0.0,High,High,0.0,0.0,156.0
365599055,2026-01-01,0.8062151394422311,0.807788844621514,0.0015737051792829027,3.0,3.0,0.0,High,High,0.0,0.0,41.0
365598883,2026-01-01,0.8032270916334661,0.806593625498008,0.0033665338645418874,5.0,4.0,1.0,High,High,0.0,0.0,53.0
317984438,2026-01-01,0.8049601593625498,0.8018924302788845,-0.0030677290836653714,4.0,5.0,-1.0,High,High,0.0,0.0,31.0
336854753,2026-01-01,0.7902788844621514,0.7899601593625497,-0.00031872509960173545,7.0,6.0,1.0,High,High,0.0,0.0,82.0
334008589,2026-01-01,0.7699203187250996,0.7751792828685259,0.0052589641434263035,12.0,7.0,5.0,High,High,0.0,0.0,130.0
333584194,2026-01-01,0.7792828685258965,0.7740239043824702,-0.0052589641434263035,8.0,8.0,0.0,High,High,0.0,0.0,56.0
507302529,2026-01-01,0.7752390438247012,0.7738446215139443,-0.0013944223107569265,10.0,9.0,1.0,High,High,0.0,0.0,56.0
365670886,2026-01-01,0.7726693227091634,0.773585657370518,0.0009163346613545453,11.0,10.0,1.0,High,High,0.0,0.0,86.0
409223544,2026-01-01,0.7503585657370518,0.7595219123505975,0.009163346613545675,15.0,11.0,4.0,High,High,0.0,0.0,74.0
371660225,2026-01-01,0.7939243027888446,0.753406374501992,-0.040517928286852634,6.0,12.0,-6.0,High,High,0.0,0.0,32.0
454260123,2026-01-01,0.776195219123506,0.7521513944223108,-0.02404382470119515,9.0,13.0,-4.0,High,High,0.0,0.0,49.0
507301777,2026-01-01,0.7476095617529881,0.7476693227091633,5.9760956175214375e-05,17.0,14.0,3.0,High,High,0.0,0.0,31.0
334148753,2026-01-01,0.7487649402390438,0.7342629482071714,-0.014501992031872413,16.0,15.0,1.0,High,High,0.0,0.0,50.0
443749850,2026-01-01,0.7632868525896415,0.7180478087649402,-0.04523904382470123,13.0,16.0,-3.0,High,High,0.0,0.0,16.0
443744270,2026-01-01,0.716792828685259,0.7161752988047808,-0.0006175298804781404,20.0,17.0,3.0,High,High,0.0,0.0,81.0
365598486,2026-01-01,0.7130278884462152,0.7140239043824703,0.0009960159362550902,21.0,18.0,3.0,High,High,0.0,0.0,29.0
443717449,2026-01-01,0.7527888446215141,0.7072908366533865,-0.04549800796812753,14.0,19.0,-5.0,High,High,0.0,0.0,63.0
333545827,2026-01-01,0.6930876494023905,0.69496015936255,0.0018725099601594186,27.0,20.0,7.0,High,High,0.0,0.0,50.0
365598969,2026-01-01,0.6805577689243029,0.6887450199203188,0.008187250996015916,30.0,21.0,9.0,High,High,0.0,0.0,15.0
425968651,2026-01-01,0.6844820717131475,0.6867729083665339,0.0022908366533864744,29.0,22.0,7.0,High,High,0.0,0.0,46.0
366763791,2026-01-01,0.7066135458167331,0.684382470119522,-0.022231075697211056,22.0,23.0,-1.0,High,High,0.0,0.0,64.0
373272248,2026-01-01,0.7230079681274901,0.6791832669322709,-0.043824701195219196,19.0,24.0,-5.0,High,High,0.0,0.0,27.0
307989723,2026-01-01,0.6927490039840637,0.6726294820717132,-0.020119521912350447,28.0,25.0,3.0,High,High,0.0,0.0,16.0
317984514,2026-01-01,0.7366932270916334,0.6666932270916336,-0.06999999999999984,18.0,26.0,-8.0,High,High,0.0,0.0,28.0
460126901,2026-01-01,0.6629482071713148,0.661593625498008,-0.0013545816733067095,33.0,27.0,6.0,High,High,0.0,0.0,53.0
333211468,2026-01-01,0.6624900398406375,0.6606374501992033,-0.0018525896414341991,34.0,28.0,6.0,High,High,0.0,0.0,28.0
429536893,2026-01-01,0.6525099601593626,0.6559362549800798,0.003426294820717213,36.0,29.0,7.0,High,High,0.0,0.0,111.0
388775883,2026-01-01,0.7010159362549802,0.6535657370517929,-0.04745019920318727,25.0,30.0,-5.0,High,High,0.0,0.0,24.0
336920768,2026-01-01,0.7033665338645418,0.6509362549800797,-0.05243027888446217,24.0,31.0,-7.0,High,High,0.0,0.0,5.0
322619618,2026-01-01,0.6472509960159363,0.6500000000000001,0.002749003984063858,39.0,32.0,7.0,High,High,0.0,0.0,33.0
429576946,2026-01-01,0.6938247011952192,0.648585657370518,-0.04523904382470123,26.0,33.0,-7.0,High,High,0.0,0.0,24.0
317984646,2026-01-01,0.6494023904382471,0.6459362549800798,-0.0034661354581673187,37.0,34.0,3.0,High,High,0.0,0.0,4.0
366751690,2026-01-01,0.6445019920318725,0.6442629482071713,-0.00023904382470119057,40.0,35.0,5.0,High,High,0.0,0.0,135.0
417513547,2026-01-01,0.6483665338645418,0.6421513944223108,-0.006215139442230955,38.0,36.0,2.0,High,High,0.0,0.0,
434850546,2026-01-01,0.7054980079681276,0.6346613545816733,-0.07083665338645428,23.0,37.0,-14.0,High,High,0.0,0.0,20.0
459618013,2026-01-01,0.5969521912350598,0.6250796812749004,0.028127490039840608,55.0,38.0,17.0,High,High,0.913,21.0,23.0
464868635,2026-01-01,0.6637450199203188,0.6232270916334662,-0.04051792828685252,32.0,39.0,-7.0,High,High,0.0,0.0,46.0
229817878,2026-01-01,0.6076892430278885,0.6180876494023905,0.010398406374501956,50.0,40.0,10.0,High,High,0.0,0.0,46.0
322784039,2026-01-01,0.672390438247012,0.6177689243027888,-0.0546215139442231,31.0,41.0,-10.0,High,High,0.0,0.0,46.0
443657921,2026-01-01,0.6103984063745022,0.617370517928287,0.006972111553784854,48.0,42.0,6.0,High,High,0.0,0.0,23.0
434885978,2026-01-01,0.6169521912350598,0.61699203187251,3.984063745010591e-05,45.0,43.0,2.0,High,High,0.0,0.0,15.0
452477724,2026-01-01,0.6105179282868526,0.6115139442231076,0.0009960159362549792,47.0,44.0,3.0,High,High,0.0,0.0,65.0
337268755,2026-01-01,0.6346414342629483,0.6110557768924303,-0.023585657370517987,41.0,45.0,-4.0,High,High,0.0,0.0,33.0
335116387,2026-01-01,0.6097211155378487,0.6106374501992032,0.0009163346613545453,49.0,46.0,3.0,High,High,0.0,0.0,45.0
453865293,2026-01-01,0.6015537848605579,0.6053386454183268,0.003784860557768943,53.0,47.0,6.0,High,High,0.0,0.0,20.0
334154201,2026-01-01,0.6615139442231076,0.6032470119521912,-0.058266932270916394,35.0,48.0,-13.0,High,High,0.0,0.0,1.0
437380121,2026-01-01,0.6023107569721117,0.6032270916334662,0.0009163346613545453,52.0,49.0,3.0,High,High,0.015,1.0,68.0
458886154,2026-01-01,0.5353187250996017,0.5984063745019921,0.06308764940239042,72.0,50.0,22.0,High,High,0.0,0.0,19.0
370979095,2026-01-01,0.5965537848605578,0.5969521912350597,0.00039840637450194727,56.0,51.0,5.0,High,High,0.0,0.0,2.0
304249135,2026-01-01,0.6185657370517929,0.5960956175298805,-0.022470119521912357,44.0,52.0,-8.0,High,High,0.0,0.0,2.0
337271076,2026-01-01,0.6160358565737052,0.5959960159362551,-0.020039840637450124,46.0,53.0,-7.0,High,High,0.0,0.0,
322641996,2026-01-01,0.5996215139442231,0.5920318725099601,-0.007589641434262995,54.0,54.0,0.0,High,High,0.0,0.0,22.0
507271653,2026-01-01,0.5321314741035857,0.5850000000000001,0.05286852589641433,77.0,55.0,22.0,Medium,High,0.062,1.0,16.0
334154315,2026-01-01,0.5805179282868527,0.5844422310756973,0.003924302788844591,61.0,56.0,5.0,High,High,0.0,0.0,50.0
458891357,2026-01-01,0.5337250996015936,0.5781673306772909,0.044442231075697225,75.0,57.0,18.0,Medium,High,0.0,0.0,16.0
452460611,2026-01-01,0.575219123505976,0.5753784860557769,0.00015936254980086773,62.0,58.0,4.0,High,High,0.0,0.0,5.0
443413751,2026-01-01,0.5890239043824702,0.5695019920318726,-0.019521912350597637,58.0,59.0,-1.0,High,High,0.0,0.0,8.0
453948326,2026-01-01,0.6206772908366535,0.5686852589641435,-0.05199203187251,43.0,60.0,-17.0,High,High,0.0,0.0,52.0
509636557,2026-01-01,0.5305378486055777,0.5669521912350598,0.036414342629482066,78.0,61.0,17.0,Medium,High,0.0,0.0,13.0
422017575,2026-01-01,0.5696812749003984,0.5654382470119522,-0.004243027888446216,63.0,62.0,1.0,High,High,0.0,0.0,41.0
336920475,2026-01-01,0.6309362549800797,0.5639243027888446,-0.06701195219123501,42.0,63.0,-21.0,High,High,0.0,0.0,4.0
511468560,2026-01-01,0.5018525896414343,0.563386454183267,0.06153386454183274,93.0,64.0,29.0,Medium,High,0.0,0.0,22.0
512994171,2026-01-01,0.5058366533864542,0.562191235059761,0.05635458167330676,89.0,65.0,24.0,Medium,High,0.0,0.0,20.0
434846817,2026-01-01,0.603207171314741,0.5606374501992032,-0.042569721115537806,51.0,66.0,-15.0,High,High,0.0,0.0,5.0
507303198,2026-01-01,0.5574900398406375,0.5604581673306773,0.002968127490039829,68.0,67.0,1.0,High,High,0.0,0.0,
336916651,2026-01-01,0.5588047808764941,0.5600597609561754,0.0012549800796812782,67.0,68.0,-1.0,High,High,0.0,0.0,14.0
518312065,2026-01-01,0.4950796812749005,0.5566135458167332,0.061533864541832684,102.0,69.0,33.0,Medium,High,0.0,0.0,25.0
511471809,2026-01-01,0.4938844621513944,0.5554183266932272,0.061533864541832795,104.0,70.0,34.0,Medium,High,0.0,0.0,22.0
511879208,2026-01-01,0.4978685258964143,0.5505976095617531,0.052729083665338794,99.0,71.0,28.0,Medium,High,0.0,0.0,17.0
422008670,2026-01-01,0.5862151394422311,0.5503585657370519,-0.03585657370517925,60.0,72.0,-12.0,High,High,0.0,0.0,4.0
509637621,2026-01-01,0.5002589641434264,0.5478087649402391,0.0475498007968127,95.0,73.0,22.0,Medium,High,0.0,0.0,11.0
334003979,2026-01-01,0.5361155378486057,0.5476693227091635,0.011553784860557803,71.0,74.0,-3.0,High,Medium,0.0,0.0,4.0
333987612,2026-01-01,0.5404980079681275,0.5473505976095617,0.006852589641434204,70.0,75.0,-5.0,High,Medium,1.0,7.0,7.0
518311941,2026-01-01,0.4867131474103586,0.5469521912350598,0.06023904382470119,112.0,76.0,36.0,Medium,Medium,0.0,0.0,21.0
459505113,2026-01-01,0.5433466135458167,0.5461354581673307,0.002788844621513964,69.0,77.0,-8.0,High,Medium,0.0,0.0,55.0
509637948,2026-01-01,0.5050398406374502,0.5461155378486057,0.04107569721115545,90.0,78.0,12.0,Medium,Medium,0.0,0.0,23.0
437381828,2026-01-01,0.5596812749003984,0.543207171314741,-0.016474103585657374,66.0,79.0,-13.0,High,Medium,0.0,0.0,12.0
458748209,2026-01-01,0.4970717131474104,0.5415139442231076,0.044442231075697225,100.0,80.0,20.0,Medium,Medium,0.0,0.0,12.0
513225962,2026-01-01,0.4779482071713147,0.5405179282868527,0.06256972111553805,121.0,81.0,40.0,Medium,Medium,0.0,0.0,26.0
509637926,2026-01-01,0.4926892430278884,0.5402390438247012,0.04754980079681281,105.0,82.0,23.0,Medium,Medium,0.0,0.0,14.0
338303849,2026-01-01,0.5361155378486057,0.539780876494024,0.0036653386454182924,71.0,83.0,-12.0,High,Medium,1.0,1.0,1.0
334006437,2026-01-01,0.5607768924302788,0.5380278884462152,-0.022749003984063654,65.0,84.0,-19.0,High,Medium,0.0,0.0,3.0
460126455,2026-01-01,0.4807370517928287,0.5370916334661355,0.056354581673306814,118.0,85.0,33.0,Medium,Medium,0.0,0.0,14.0
333584733,2026-01-01,0.5878884462151395,0.5313147410358566,-0.05657370517928284,59.0,86.0,-27.0,High,Medium,0.0,0.0,14.0
511465936,2026-01-01,0.4926892430278884,0.5291035856573706,0.03641434262948218,105.0,87.0,18.0,Medium,Medium,0.0,0.0,21.0
454270937,2026-01-01,0.5942430278884463,0.5287051792828686,-0.06553784860557765,57.0,88.0,-31.0,High,Medium,0.0,0.0,30.0
512989545,2026-01-01,0.4875099601593626,0.528585657370518,0.04107569721115539,111.0,89.0,22.0,Medium,Medium,0.0,0.0,7.0
456979367,2026-01-01,0.4755577689243028,0.5284262948207172,0.05286852589641444,124.0,90.0,34.0,Medium,Medium,0.083,1.0,12.0
513234561,2026-01-01,0.4986653386454183,0.5278286852589642,0.029163346613545915,97.0,91.0,6.0,Medium,Medium,0.0,0.0,12.0
511897418,2026-01-01,0.4970717131474104,0.5262350597609563,0.029163346613545915,100.0,92.0,8.0,Medium,Medium,0.0,0.0,13.0
511633709,2026-01-01,0.4707768924302789,0.5235059760956176,0.05272908366533863,132.0,93.0,39.0,Medium,Medium,0.0,0.0,20.0
507451763,2026-01-01,0.5691235059760956,0.5231474103585657,-0.04597609561752991,64.0,94.0,-30.0,High,Medium,0.03,1.0,33.0
511893849,2026-01-01,0.4835258964143427,0.5199402390438248,0.03641434262948212,117.0,95.0,22.0,Medium,Medium,0.0,0.0,12.0
509636042,2026-01-01,0.4906972111553785,0.5198605577689244,0.02916334661354586,108.0,96.0,12.0,Medium,Medium,0.0,0.0,10.0
460126729,2026-01-01,0.5228685258964144,0.519800796812749,-0.0030677290836653714,81.0,97.0,-16.0,Medium,Medium,0.0,0.0,111.0
304246535,2026-01-01,0.5168127490039841,0.5195617529880479,0.002749003984063747,85.0,98.0,-13.0,Medium,Medium,0.0,0.0,22.0
512990207,2026-01-01,0.4950796812749005,0.5162151394422312,0.0211354581673307,102.0,99.0,3.0,Medium,Medium,0.0,0.0,14.0
518312835,2026-01-01,0.4596215139442232,0.51597609561753,0.056354581673306814,144.0,100.0,44.0,Low,Medium,0.0,0.0,17.0
509637851,2026-01-01,0.4568326693227092,0.513187250996016,0.056354581673306814,146.0,101.0,45.0,Low,Medium,0.0,0.0,22.0
509637397,2026-01-01,0.5012549800796813,0.5128087649402391,0.011553784860557803,94.0,102.0,-8.0,Medium,Medium,0.0,0.0,4.0
452787130,2026-01-01,0.5325298804780877,0.5124900398406375,-0.020039840637450235,76.0,103.0,-27.0,Medium,Medium,0.0,0.0,
509637652,2026-01-01,0.4584262948207171,0.5111553784860559,0.05272908366533874,145.0,104.0,41.0,Low,Medium,0.0,0.0,21.0
509636584,2026-01-01,0.5301394422310757,0.5100996015936256,-0.020039840637450124,79.0,105.0,-26.0,Medium,Medium,0.0,0.0,
511466682,2026-01-01,0.4687848605577689,0.5098605577689244,0.04107569721115545,134.0,106.0,28.0,Medium,Medium,0.0,0.0,16.0
373265130,2026-01-01,0.5347211155378486,0.5087450199203187,-0.025976095617529893,74.0,107.0,-33.0,Medium,Medium,0.0,0.0,4.0
464397351,2026-01-01,0.502589641434263,0.508187250996016,0.005597609561753036,92.0,108.0,-16.0,Medium,Medium,0.0,0.0,20.0
304245737,2026-01-01,0.5080278884462152,0.5047609561752988,-0.003266932270916345,88.0,109.0,-21.0,Medium,Medium,0.0,0.0,32.0
365606074,2026-01-01,0.5217729083665339,0.5017330677290837,-0.020039840637450235,82.0,110.0,-28.0,Medium,Medium,0.0,0.0,
511642605,2026-01-01,0.464402390438247,0.5008167330677291,0.03641434262948212,137.0,111.0,26.0,Medium,Medium,0.0,0.0,21.0
518867282,2026-01-01,0.4715737051792829,0.5007370517928288,0.029163346613545915,129.0,112.0,17.0,Medium,Medium,0.0,0.0,8.0
454535057,2026-01-01,0.4859163346613546,0.4974701195219124,0.011553784860557803,113.0,113.0,0.0,Medium,Medium,0.0,0.0,11.0
415734364,2026-01-01,0.4917131474103586,0.4970517928286853,0.005338645418326682,107.0,114.0,-7.0,Medium,Medium,0.0,0.0,16.0
509637738,2026-01-01,0.4556374501992031,0.49671314741035855,0.04107569721115545,147.0,115.0,32.0,Low,Medium,0.0,0.0,11.0
509636001,2026-01-01,0.4843227091633467,0.49587649402390443,0.011553784860557748,115.0,116.0,-1.0,Medium,Medium,0.0,0.0,8.0
334802885,2026-01-01,0.5106374501992033,0.49344621513944226,-0.017191235059761,87.0,117.0,-30.0,Medium,Medium,0.0,0.0,4.0
435028160,2026-01-01,0.5212350597609562,0.49262948207171314,-0.028605577689243045,83.0,118.0,-35.0,Medium,Medium,0.0,0.0,18.0
416296124,2026-01-01,0.5267529880478088,0.4908964143426295,-0.03585657370517931,80.0,119.0,-39.0,Medium,Medium,0.0,0.0,29.0
512980905,2026-01-01,0.4432868525896414,0.49083665338645416,0.04754980079681276,155.0,120.0,35.0,Low,Medium,0.0,0.0,11.0
322641484,2026-01-01,0.4044422310756972,0.4908167330677291,0.0863745019920319,179.0,121.0,58.0,Low,Medium,0.0,0.0,18.0
509637688,2026-01-01,0.4783466135458167,0.48990039840637456,0.011553784860557859,120.0,122.0,-2.0,Medium,Medium,0.0,0.0,10.0
458181322,2026-01-01,0.4604183266932271,0.48958167330677294,0.02916334661354586,143.0,123.0,20.0,Medium,Medium,0.0,0.0,12.0
402182287,2026-01-01,0.5351195219123506,0.48944223107569723,-0.04567729083665334,73.0,124.0,-51.0,Medium,Medium,0.0,0.0,2.0
507264328,2026-01-01,0.4851195219123506,0.4860557768924303,0.0009362549800797093,114.0,125.0,-11.0,Medium,Medium,0.0,0.0,5.0
509637899,2026-01-01,0.4568326693227092,0.485996015936255,0.029163346613545804,146.0,126.0,20.0,Low,Medium,0.0,0.0,7.0
509637553,2026-01-01,0.4488645418326694,0.48527888446215145,0.036414342629482066,152.0,127.0,25.0,Low,Medium,0.0,0.0,12.0
334159140,2026-01-01,0.4925697211155378,0.48470119521912347,-0.007868525896414347,106.0,128.0,-22.0,Medium,Medium,0.0,0.0,2.0
376677144,2026-01-01,0.5034462151394423,0.48340637450199203,-0.02003984063745029,91.0,129.0,-38.0,Medium,Medium,0.0,0.0,
317984619,2026-01-01,0.4839641434262948,0.48127490039840637,-0.0026892430278884216,116.0,130.0,-14.0,Medium,Medium,0.0,0.0,16.0
378317132,2026-01-01,0.4998605577689243,0.4798207171314741,-0.02003984063745018,96.0,131.0,-35.0,Medium,Medium,0.0,0.0,
509637506,2026-01-01,0.4787450199203187,0.4796812749003984,0.0009362549800797093,119.0,132.0,-13.0,Medium,Medium,0.0,0.0,1.0
512982665,2026-01-01,0.4404980079681275,0.4769123505976096,0.03641434262948212,157.0,133.0,24.0,Low,Medium,0.0,0.0,9.0
509637523,2026-01-01,0.465199203187251,0.4767529880478088,0.011553784860557803,136.0,134.0,2.0,Medium,Medium,0.0,0.0,2.0
338306241,2026-01-01,0.4983466135458167,0.4765737051792828,-0.021772908366533894,98.0,135.0,-37.0,Medium,Medium,0.0,0.0,67.0
513226173,2026-01-01,0.4962749003984064,0.4762350597609562,-0.02003984063745018,101.0,136.0,-35.0,Medium,Medium,0.0,0.0,
321626503,2026-01-01,0.4733665338645418,0.4743027888446215,0.0009362549800797093,126.0,137.0,-11.0,Medium,Medium,0.0,0.0,4.0
509636615,2026-01-01,0.4938844621513945,0.4738446215139443,-0.02003984063745018,103.0,138.0,-35.0,Medium,Medium,0.0,0.0,
436759512,2026-01-01,0.4713346613545817,0.4727490039840638,0.0014143426294820904,130.0,139.0,-9.0,Medium,Medium,0.0,0.0,15.0
509636074,2026-01-01,0.4584262948207171,0.4699800796812749,0.011553784860557803,145.0,140.0,5.0,Low,Medium,0.0,0.0,11.0
511506093,2026-01-01,0.4899003984063745,0.4698605577689243,-0.02003984063745018,109.0,141.0,-32.0,Medium,Medium,0.0,0.0,
459504879,2026-01-01,0.4883067729083666,0.46826693227091637,-0.020039840637450235,110.0,142.0,-32.0,Medium,Medium,0.0,0.0,
507264889,2026-01-01,0.4548406374501992,0.466394422310757,0.011553784860557803,148.0,143.0,5.0,Low,Medium,0.0,0.0,6.0
237220417,2026-01-01,0.4626892430278884,0.4649203187250996,0.0022310756972112045,140.0,144.0,-4.0,Medium,Medium,0.0,0.0,
509636707,2026-01-01,0.463207171314741,0.46414342629482075,0.0009362549800797648,139.0,145.0,-6.0,Medium,Medium,0.0,0.0,6.0
507302670,2026-01-01,0.4620119521912351,0.46294820717131474,0.0009362549800796538,142.0,146.0,-4.0,Medium,Medium,0.0,0.0,8.0
435288506,2026-01-01,0.4719521912350597,0.4624501992031873,-0.009501992031872408,128.0,147.0,-19.0,Medium,Medium,0.0,0.0,9.0
509636684,2026-01-01,0.4508565737051793,0.4624103585657371,0.011553784860557803,151.0,148.0,3.0,Low,Low,0.0,0.0,6.0
524598261,2026-01-01,0.4090239043824701,0.46175298804780884,0.05272908366533874,168.0,149.0,19.0,Low,Low,0.0,0.0,21.0
511893924,2026-01-01,0.4807370517928287,0.4606972111553785,-0.020039840637450235,118.0,150.0,-32.0,Medium,Low,0.0,0.0,
334723632,2026-01-01,0.5136055776892431,0.45806772908366533,-0.055537848605577755,86.0,151.0,-65.0,Medium,Low,0.0,0.0,8.0
457147010,2026-01-01,0.4771513944223107,0.45711155378486057,-0.020039840637450124,122.0,152.0,-30.0,Medium,Low,0.0,0.0,
511637055,2026-01-01,0.4763545816733068,0.4563147410358566,-0.02003984063745018,123.0,153.0,-30.0,Medium,Low,0.0,0.0,
511461222,2026-01-01,0.4432868525896414,0.4548406374501992,0.011553784860557803,155.0,154.0,1.0,Low,Low,0.0,0.0,15.0
511472023,2026-01-01,0.4333266932270916,0.4544621513944223,0.0211354581673307,162.0,155.0,7.0,Low,Low,0.0,0.0,6.0
511467316,2026-01-01,0.4739641434262948,0.45392430278884466,-0.020039840637450124,125.0,156.0,-31.0,Medium,Low,0.0,0.0,
434887440,2026-01-01,0.4723705179282869,0.4523306772908367,-0.02003984063745018,127.0,157.0,-30.0,Medium,Low,0.0,0.0,
511879248,2026-01-01,0.4018525896414343,0.45199203187251,0.05013944223107575,184.0,158.0,26.0,Low,Low,0.0,0.0,13.0
523822117,2026-01-01,0.4074302788844622,0.4518725099601594,0.04444223107569717,172.0,159.0,13.0,Low,Low,0.0,0.0,15.0
509637286,2026-01-01,0.4397011952191235,0.4512549800796813,0.011553784860557803,158.0,160.0,-2.0,Low,Low,0.0,0.0,9.0
337591945,2026-01-01,0.4711752988047809,0.4511354581673307,-0.02003984063745018,131.0,161.0,-30.0,Medium,Low,0.0,0.0,
304246224,2026-01-01,0.4699800796812749,0.44994023904382474,-0.02003984063745018,133.0,162.0,-29.0,Medium,Low,0.0,0.0,
460126626,2026-01-01,0.4488645418326694,0.44980079681274904,0.0009362549800796538,152.0,163.0,-11.0,Low,Low,0.0,0.0,1.0
312741040,2026-01-01,0.3966733067729084,0.4495418326693228,0.05286852589641439,197.0,164.0,33.0,Low,Low,0.077,1.0,13.0
511472466,2026-01-01,0.4452788844621514,0.4462151394422311,0.0009362549800797093,154.0,165.0,-11.0,Low,Low,0.0,0.0,4.0
370982035,2026-01-01,0.4638446215139442,0.443804780876494,-0.02003984063745018,138.0,166.0,-28.0,Medium,Low,0.0,0.0,
308058091,2026-01-01,0.4621513944223107,0.44324701195219124,-0.01890438247011944,141.0,167.0,-26.0,Medium,Low,0.0,0.0,17.0
523821830,2026-01-01,0.3978685258964144,0.4423107569721116,0.04444223107569717,194.0,168.0,26.0,Low,Low,0.0,0.0,12.0
511506200,2026-01-01,0.4412948207171315,0.44223107569721115,0.0009362549800796538,156.0,169.0,-13.0,Low,Low,0.0,0.0,4.0
523823149,2026-01-01,0.4034462151394423,0.43986055776892435,0.036414342629482066,180.0,170.0,10.0,Low,Low,0.0,0.0,12.0
466915879,2026-01-01,0.4265537848605578,0.4381075697211156,0.011553784860557803,163.0,171.0,-8.0,Low,Low,0.0,0.0,2.0
333212161,2026-01-01,0.4086254980079682,0.437788844621514,0.029163346613545804,169.0,172.0,-3.0,Low,Low,0.0,0.0,16.0
464368268,2026-01-01,0.4010557768924303,0.4374701195219124,0.036414342629482066,187.0,173.0,14.0,Low,Low,0.0,0.0,14.0
509636527,2026-01-01,0.4361155378486056,0.4370517928286853,0.0009362549800797093,160.0,174.0,-14.0,Insufficient Exposure,Insufficient Exposure,0.0,0.0,1.0
524598614,2026-01-01,0.4070318725099602,0.436195219123506,0.029163346613545804,173.0,175.0,-2.0,Low,Low,0.0,0.0,12.0
417648563,2026-01-01,0.4544422310756972,0.434402390438247,-0.02003984063745018,149.0,176.0,-27.0,Insufficient Exposure,Insufficient Exposure,0.0,0.0,
333585410,2026-01-01,0.4026494023904383,0.43181274900398414,0.02916334661354586,182.0,177.0,5.0,Low,Low,0.0,0.0,12.0
337317457,2026-01-01,0.5174302788844621,0.4284860557768924,-0.08894422310756972,84.0,178.0,-94.0,Medium,Low,0.0,0.0,1.0
411962094,2026-01-01,0.4070318725099601,0.42816733067729085,0.021135458167330756,174.0,179.0,-5.0,Low,Low,0.0,0.0,11.0
464367957,2026-01-01,0.4066334661354582,0.4277689243027889,0.0211354581673307,175.0,180.0,-5.0,Low,Low,0.0,0.0,14.0
523822248,2026-01-01,0.3982669322709164,0.4274302788844622,0.029163346613545804,193.0,181.0,12.0,Low,Low,0.0,0.0,10.0
467597649,2026-01-01,0.4054382470119522,0.4265737051792829,0.0211354581673307,177.0,182.0,-5.0,Low,Low,0.0,0.0,13.0
509637769,2026-01-01,0.4050398406374502,0.4261752988047809,0.0211354581673307,178.0,183.0,-5.0,Low,Low,0.0,0.0,16.0
442548435,2026-01-01,0.4680677290836653,0.42549800796812753,-0.04256972111553775,135.0,184.0,-49.0,Insufficient Exposure,Insufficient Exposure,0.0,0.0,2.0
365321388,2026-01-01,0.4022509960159363,0.423386454183267,0.0211354581673307,183.0,185.0,-2.0,Low,Low,0.0,0.0,12.0
350179842,2026-01-01,0.4014541832669323,0.422589641434263,0.0211354581673307,186.0,186.0,0.0,Low,Low,0.0,0.0,12.0
523821771,2026-01-01,0.4006573705179284,0.421792828685259,0.021135458167330645,188.0,187.0,1.0,Low,Low,0.0,0.0,10.0
523822483,2026-01-01,0.3994621513944223,0.420597609561753,0.0211354581673307,190.0,188.0,2.0,Low,Low,0.0,0.0,18.0
523822178,2026-01-01,0.3986653386454184,0.41980079681274907,0.021135458167330645,192.0,189.0,3.0,Low,Low,0.111,1.0,9.0
453885405,2026-01-01,0.4082270916334662,0.41978087649402396,0.011553784860557748,170.0,190.0,-20.0,Low,Low,0.0,0.0,10.0
371661090,2026-01-01,0.4517330677290836,0.4197808764940239,-0.03195219123505971,150.0,191.0,-41.0,Low,Low,0.0,0.0,1.0
339001523,2026-01-01,0.4373904382470119,0.4195019920318725,-0.01788844621513941,159.0,192.0,-33.0,Low,Low,0.0,0.0,
417516308,2026-01-01,0.4078286852589642,0.41938247011952196,0.011553784860557748,171.0,193.0,-22.0,Low,Low,0.0,0.0,16.0
523823859,2026-01-01,0.4058366533864542,0.417390438247012,0.011553784860557803,176.0,194.0,-18.0,Low,Low,0.0,0.0,8.0
443385724,2026-01-01,0.4015537848605577,0.413605577689243,0.012051792828685293,185.0,195.0,-10.0,Low,Low,0.0,0.0,4.0
466968443,2026-01-01,0.4343227091633466,0.41205179282868526,-0.022270916334661328,161.0,196.0,-35.0,Low,Low,0.0,0.0,6.0
524596949,2026-01-01,0.3899003984063746,0.4110358565737052,0.021135458167330645,201.0,197.0,4.0,Low,Low,0.0,0.0,17.0
443668611,2026-01-01,0.3990637450199203,0.4106175298804781,0.011553784860557803,191.0,198.0,-7.0,Low,Low,0.0,0.0,12.0
464878170,2026-01-01,0.3974701195219124,0.40902390438247016,0.011553784860557748,195.0,199.0,-4.0,Low,Low,0.0,0.0,15.0
523823521,2026-01-01,0.3867131474103586,0.40784860557768926,0.021135458167330645,205.0,200.0,5.0,Low,Low,0.0,0.0,7.0
523824495,2026-01-01,0.3934860557768925,0.40503984063745024,0.011553784860557748,199.0,201.0,-2.0,Low,Low,0.0,0.0,3.0
377841245,2026-01-01,0.4476494023904382,0.4040239043824701,-0.04362549800796811,153.0,202.0,-49.0,Low,Low,0.0,0.0,7.0
509637211,2026-01-01,0.4177888446215139,0.39774900398406376,-0.020039840637450124,164.0,203.0,-39.0,Insufficient Exposure,Insufficient Exposure,0.0,0.0,
322785930,2026-01-01,0.3962749003984064,0.3972111553784861,0.0009362549800797093,198.0,204.0,-6.0,Low,Low,0.0,0.0,13.0
429570713,2026-01-01,0.4143426294820717,0.3947011952191235,-0.019641434262948176,166.0,205.0,-39.0,Low,Low,1.0,2.0,2.0
459505768,2026-01-01,0.3373107569721116,0.39003984063745023,0.05272908366533863,216.0,206.0,10.0,Low,Low,0.0,0.0,16.0
458743772,2026-01-01,0.4098207171314741,0.38978087649402393,-0.02003984063745018,167.0,207.0,-40.0,Low,Low,0.0,0.0,
459506170,2026-01-01,0.4070318725099601,0.38699203187250997,-0.020039840637450124,174.0,208.0,-34.0,Insufficient Exposure,Insufficient Exposure,0.0,0.0,
519724111,2026-01-01,0.4070318725099601,0.38699203187250997,-0.020039840637450124,174.0,208.0,-34.0,Insufficient Exposure,Insufficient Exposure,0.0,0.0,
509637163,2026-01-01,0.3859163346613546,0.3868525896414343,0.0009362549800797093,207.0,209.0,-2.0,Low,Low,0.0,0.0,6.0
459506000,2026-01-01,0.3373107569721116,0.3848605577689243,0.0475498007968127,216.0,210.0,6.0,Low,Low,0.0,0.0,18.0
377841595,2026-01-01,0.3831274900398407,0.38406374501992036,0.0009362549800796538,209.0,211.0,-2.0,Insufficient Exposure,Insufficient Exposure,0.0,0.0,1.0
416296293,2026-01-01,0.4030478087649403,0.38300796812749005,-0.020039840637450235,181.0,212.0,-31.0,Low,Low,0.0,0.0,1.0
523821693,2026-01-01,0.3998605577689244,0.37982071713147414,-0.020039840637450235,189.0,213.0,-24.0,Low,Low,0.0,0.0,15.0
459503546,2026-01-01,0.3373107569721116,0.37838645418326694,0.04107569721115534,216.0,214.0,2.0,Low,Low,0.0,0.0,14.0
459506928,2026-01-01,0.3373107569721116,0.37838645418326694,0.04107569721115534,216.0,214.0,2.0,Low,Low,0.0,0.0,18.0
523823573,2026-01-01,0.3970717131474104,0.3770318725099602,-0.020039840637450235,196.0,215.0,-19.0,Low,Low,0.0,0.0,9.0
519107113,2026-01-01,0.3918924302788845,0.37185258964143425,-0.020039840637450235,200.0,216.0,-16.0,Insufficient Exposure,Insufficient Exposure,0.0,0.0,
443842503,2026-01-01,0.3891832669322709,0.3712948207171315,-0.01788844621513941,202.0,217.0,-15.0,Low,Low,0.0,0.0,
443733464,2026-01-01,0.3879083665338646,0.3678685258964144,-0.020039840637450235,203.0,218.0,-15.0,Low,Low,0.0,0.0,6.0
523823722,2026-01-01,0.3875099601593626,0.3674701195219124,-0.020039840637450235,204.0,219.0,-15.0,Low,Low,0.0,0.0,1.0
382444594,2026-01-01,0.3863147410358566,0.3662749003984064,-0.020039840637450235,206.0,220.0,-14.0,Low,Low,0.0,0.0,
523822046,2026-01-01,0.3847211155378486,0.3646812749003984,-0.02003984063745018,208.0,221.0,-13.0,Low,Low,0.0,0.0,1.0
452453885,2026-01-01,0.3823306772908367,0.36229083665338646,-0.020039840637450235,210.0,222.0,-12.0,Insufficient Exposure,Insufficient Exposure,0.0,0.0,3.0
443665553,2026-01-01,0.3795418326693228,0.35950199203187255,-0.020039840637450235,211.0,223.0,-12.0,Low,Low,0.0,0.0,
334002148,2026-01-01,0.3787450199203188,0.35870517928286855,-0.020039840637450235,212.0,224.0,-12.0,Insufficient Exposure,Insufficient Exposure,0.0,0.0,
454258476,2026-01-01,0.3783466135458167,0.35830677290836654,-0.02003984063745018,213.0,225.0,-12.0,Insufficient Exposure,Insufficient Exposure,0.0,0.0,
511642492,2026-01-01,0.3783466135458167,0.35830677290836654,-0.02003984063745018,213.0,225.0,-12.0,Insufficient Exposure,Insufficient Exposure,0.0,0.0,
464361907,2026-01-01,0.3759561752988049,0.35591633466135464,-0.020039840637450235,214.0,226.0,-12.0,Insufficient Exposure,Insufficient Exposure,0.0,0.0,2.0
365675387,2026-01-01,0.3717729083665339,0.3517330677290837,-0.020039840637450235,215.0,227.0,-12.0,Insufficient Exposure,Insufficient Exposure,0.0,0.0,
339001982,2026-01-01,0.4171513944223107,0.35073705179282866,-0.06641434262948204,165.0,228.0,-63.0,Low,Low,0.0,0.0,3.0
416380838,2026-01-01,0.3373107569721116,0.31727091633466137,-0.020039840637450235,216.0,229.0,-13.0,Insufficient Exposure,Insufficient Exposure,0.0,0.0,
457001649,2026-01-01,0.3373107569721116,0.31727091633466137,-0.020039840637450235,216.0,229.0,-13.0,Insufficient Exposure,Insufficient Exposure,0.0,0.0,
458653334,2026-01-01,0.3373107569721116,0.31727091633466137,-0.020039840637450235,216.0,229.0,-13.0,Low,Low,0.0,0.0,
460126388,2026-01-01,0.3373107569721116,0.31727091633466137,-0.020039840637450235,216.0,229.0,-13.0,Low,Low,0.0,0.0,
509386574,2026-01-01,0.3373107569721116,0.31727091633466137,-0.020039840637450235,216.0,229.0,-13.0,Insufficient Exposure,Insufficient Exposure,0.0,0.0,
509387327,2026-01-01,0.3373107569721116,0.31727091633466137,-0.020039840637450235,216.0,229.0,-13.0,Insufficient Exposure,Insufficient Exposure,0.0,0.0,
509401137,2026-01-01,0.3373107569721116,0.31727091633466137,-0.020039840637450235,216.0,229.0,-13.0,Insufficient Exposure,Insufficient Exposure,0.0,0.0,
509500466,2026-01-01,0.3373107569721116,0.31727091633466137,-0.020039840637450235,216.0,229.0,-13.0,Low,Low,0.0,0.0,
509637807,2026-01-01,0.3373107569721116,0.31727091633466137,-0.020039840637450235,216.0,229.0,-13.0,Insufficient Exposure,Insufficient Exposure,0.0,0.0,
509637879,2026-01-01,0.3373107569721116,0.31727091633466137,-0.020039840637450235,216.0,229.0,-13.0,Insufficient Exposure,Insufficient Exposure,0.0,0.0,
511467063,2026-01-01,0.3373107569721116,0.31727091633466137,-0.020039840637450235,216.0,229.0,-13.0,Insufficient Exposure,Insufficient Exposure,0.0,0.0,
511473273,2026-01-01,0.3373107569721116,0.31727091633466137,-0.020039840637450235,216.0,229.0,-13.0,Insufficient Exposure,Insufficient Exposure,0.0,0.0,
511893803,2026-01-01,0.3373107569721116,0.31727091633466137,-0.020039840637450235,216.0,229.0,-13.0,Insufficient Exposure,Insufficient Exposure,0.0,0.0,
511901995,2026-01-01,0.3373107569721116,0.31727091633466137,-0.020039840637450235,216.0,229.0,-13.0,Insufficient Exposure,Insufficient Exposure,0.0,0.0,
512989277,2026-01-01,0.3373107569721116,0.31727091633466137,-0.020039840637450235,216.0,229.0,-13.0,Insufficient Exposure,Insufficient Exposure,0.0,0.0,
512990599,2026-01-01,0.3373107569721116,0.31727091633466137,-0.020039840637450235,216.0,229.0,-13.0,Insufficient Exposure,Insufficient Exposure,0.0,0.0,
519239748,2026-01-01,0.3373107569721116,0.31727091633466137,-0.020039840637450235,216.0,229.0,-13.0,Insufficient Exposure,Insufficient Exposure,0.0,0.0,
520139712,2026-01-01,0.3373107569721116,0.31727091633466137,-0.020039840637450235,216.0,229.0,-13.0,Insufficient Exposure,Insufficient Exposure,0.0,0.0,
523822313,2026-01-01,0.3373107569721116,0.31727091633466137,-0.020039840637450235,216.0,229.0,-13.0,Insufficient Exposure,Insufficient Exposure,0.0,0.0,
523823954,2026-01-01,0.3373107569721116,0.31727091633466137,-0.020039840637450235,216.0,229.0,-13.0,Insufficient Exposure,Insufficient Exposure,0.0,0.0,
