vehicle_id,window_start,window_end,drive_hours,distance_km,insufficient_exposure_flag,harsh_episode_count,short_speeding_episode_count,long_speeding_episode_count,speeding_episode_count,power_violation_episode_count,camera_obstruction_episode_count,fatigue_episode_count,driver_distraction_episode_count,situational_risk_episode_count,crash_count,ubi_proxy_score,vehicle_behaviour_class,covered_ratio,total_clips,covered_clips
229817878,2026-01-01,2026-02-01,106.11527777777778,1354.0,0,32.0,0.0,0.0,0.0,0.0,1.0,1.0,62.0,1.0,6,0.6180876494023905,High,0.0,46.0,0.0
237220417,2026-01-01,2026-02-01,69.4625,607.0,0,3.0,0.0,0.0,0.0,0.0,0.0,0.0,57.0,0.0,0,0.4649203187250996,Medium,0.0,,0.0
304245737,2026-01-01,2026-02-01,68.87305555555555,586.0,0,2.0,0.0,0.0,0.0,0.0,0.0,7.0,22.0,0.0,0,0.5047609561752988,Medium,0.0,32.0,0.0
304246224,2026-01-01,2026-02-01,8.393333333333333,318.0,0,125.0,0.0,0.0,0.0,0.0,0.0,0.0,0.0,0.0,0,0.44994023904382474,Low,0.0,,0.0
304246535,2026-01-01,2026-02-01,109.61055555555555,978.0,0,24.0,0.0,0.0,0.0,0.0,0.0,0.0,11.0,5.0,0,0.5195617529880479,Medium,0.0,22.0,0.0
304249135,2026-01-01,2026-02-01,45.87166666666667,446.0,0,3.0,0.0,0.0,0.0,1.0,2.0,4.0,4.0,244.0,4,0.5960956175298805,High,0.0,2.0,0.0
307989723,2026-01-01,2026-02-01,76.32944444444445,960.0,0,22.0,2.0,0.0,2.0,1.0,0.0,2.0,8.0,82.0,0,0.6726294820717132,High,0.0,16.0,0.0
308058091,2026-01-01,2026-02-01,50.36527777777778,273.0,0,2.0,0.0,0.0,0.0,0.0,0.0,0.0,20.0,0.0,0,0.44324701195219124,Low,0.0,17.0,0.0
312741040,2026-01-01,2026-02-01,13.622777777777777,329.0,0,0.0,0.0,0.0,0.0,0.0,1.0,0.0,4.0,501.0,0,0.4495418326693228,Low,0.077,13.0,1.0
317984438,2026-01-01,2026-02-01,63.797777777777775,888.0,0,20.0,8.0,12.0,20.0,1.0,0.0,1.0,27.0,137.0,1,0.8018924302788845,High,0.0,31.0,0.0
317984514,2026-01-01,2026-02-01,100.32027777777778,672.0,0,43.0,4.0,3.0,7.0,0.0,0.0,0.0,46.0,0.0,1,0.6666932270916336,High,0.0,28.0,0.0
317984619,2026-01-01,2026-02-01,73.26583333333333,331.0,0,4.0,0.0,0.0,0.0,0.0,0.0,0.0,8.0,42.0,0,0.48127490039840637,Medium,0.0,16.0,0.0
317984646,2026-01-01,2026-02-01,97.65027777777777,1305.0,0,40.0,8.0,3.0,11.0,0.0,0.0,0.0,9.0,0.0,0,0.6459362549800798,High,0.0,4.0,0.0
321626503,2026-01-01,2026-02-01,52.06638888888889,180.0,0,3.0,0.0,0.0,0.0,4.0,0.0,0.0,1.0,1.0,0,0.4743027888446215,Medium,0.0,4.0,0.0
322619618,2026-01-01,2026-02-01,72.3375,827.0,0,7.0,3.0,0.0,3.0,1.0,0.0,0.0,51.0,423.0,0,0.6500000000000001,High,0.0,33.0,0.0
322641484,2026-01-01,2026-02-01,21.171944444444446,641.0,0,0.0,0.0,0.0,0.0,0.0,0.0,1.0,5.0,796.0,0,0.4908167330677291,Medium,0.0,18.0,0.0
322641996,2026-01-01,2026-02-01,33.6575,239.0,0,4.0,0.0,0.0,0.0,2.0,0.0,6.0,11.0,1.0,0,0.5920318725099601,High,0.0,22.0,0.0
322784039,2026-01-01,2026-02-01,104.55194444444444,1141.0,0,58.0,1.0,0.0,1.0,0.0,0.0,0.0,99.0,3.0,0,0.6177689243027888,High,0.0,46.0,0.0
322785930,2026-01-01,2026-02-01,17.410555555555554,545.0,0,0.0,0.0,0.0,0.0,0.0,0.0,0.0,1.0,462.0,0,0.3972111553784861,Low,0.0,13.0,0.0
333211468,2026-01-01,2026-02-01,56.653055555555554,946.0,0,14.0,0.0,0.0,0.0,1.0,0.0,12.0,36.0,451.0,2,0.6606374501992033,High,0.0,28.0,0.0
333212161,2026-01-01,2026-02-01,26.588333333333335,799.0,0,0.0,0.0,0.0,0.0,0.0,0.0,0.0,4.0,1111.0,0,0.437788844621514,Low,0.0,16.0,0.0
333545827,2026-01-01,2026-02-01,120.30055555555556,1666.0,0,34.0,1.0,0.0,1.0,3.0,1.0,2.0,48.0,0.0,1,0.69496015936255,High,0.0,50.0,0.0
333584194,2026-01-01,2026-02-01,72.9413888888889,722.0,0,160.0,2.0,5.0,7.0,0.0,0.0,4.0,85.0,0.0,0,0.7740239043824702,High,0.0,56.0,0.0
333584733,2026-01-01,2026-02-01,24.156111111111112,471.0,0,0.0,1.0,3.0,4.0,0.0,0.0,0.0,10.0,0.0,0,0.5313147410358566,Medium,0.0,14.0,0.0
333585410,2026-01-01,2026-02-01,16.79222222222222,534.0,0,0.0,0.0,0.0,0.0,0.0,0.0,0.0,4.0,701.0,0,0.43181274900398414,Low,0.0,12.0,0.0
333987612,2026-01-01,2026-02-01,14.45888888888889,391.0,0,215.0,0.0,0.0,0.0,0.0,7.0,0.0,0.0,227.0,0,0.5473505976095617,Medium,1.0,7.0,7.0
334002148,2026-01-01,2026-02-01,0.8580555555555556,14.0,1,0.0,0.0,0.0,0.0,0.0,0.0,0.0,0.0,38.0,0,0.35870517928286855,Insufficient Exposure,0.0,,0.0
334003979,2026-01-01,2026-02-01,11.451944444444445,245.0,0,32.0,0.0,0.0,0.0,1.0,0.0,0.0,2.0,372.0,0,0.5476693227091635,Medium,0.0,4.0,0.0
334006437,2026-01-01,2026-02-01,26.781944444444445,216.0,0,13.0,0.0,0.0,0.0,0.0,0.0,2.0,4.0,4.0,1,0.5380278884462152,Medium,0.0,3.0,0.0
334008589,2026-01-01,2026-02-01,101.21861111111112,1482.0,0,82.0,1.0,1.0,2.0,0.0,0.0,26.0,103.0,3.0,0,0.7751792828685259,High,0.0,130.0,0.0
334148753,2026-01-01,2026-02-01,133.46805555555557,1509.0,0,84.0,6.0,16.0,22.0,0.0,0.0,0.0,42.0,20.0,3,0.7342629482071714,High,0.0,50.0,0.0
334154201,2026-01-01,2026-02-01,5.667222222222223,85.0,0,8.0,0.0,1.0,1.0,4.0,0.0,0.0,2.0,73.0,1,0.6032470119521912,High,0.0,1.0,0.0
334154315,2026-01-01,2026-02-01,63.09444444444444,701.0,0,5.0,0.0,0.0,0.0,1.0,0.0,12.0,48.0,0.0,0,0.5844422310756973,High,0.0,50.0,0.0
334159140,2026-01-01,2026-02-01,23.86777777777778,112.0,0,3.0,1.0,0.0,1.0,0.0,0.0,0.0,8.0,0.0,0,0.48470119521912347,Medium,0.0,2.0,0.0
334723632,2026-01-01,2026-02-01,6.471666666666667,77.0,0,1.0,0.0,0.0,0.0,1.0,0.0,0.0,6.0,0.0,0,0.45806772908366533,Low,0.0,8.0,0.0
334802885,2026-01-01,2026-02-01,26.361944444444443,73.0,0,5.0,0.0,0.0,0.0,6.0,0.0,0.0,5.0,0.0,0,0.49344621513944226,Medium,0.0,4.0,0.0
335116387,2026-01-01,2026-02-01,103.51638888888888,477.0,0,10.0,0.0,0.0,0.0,2.0,0.0,13.0,56.0,0.0,2,0.6106374501992032,High,0.0,45.0,0.0
336854753,2026-01-01,2026-02-01,90.86111111111111,1351.0,0,73.0,2.0,6.0,8.0,0.0,0.0,4.0,151.0,16.0,1,0.7899601593625497,High,0.0,82.0,0.0
336916651,2026-01-01,2026-02-01,34.985,269.0,0,3.0,2.0,0.0,2.0,0.0,0.0,2.0,17.0,0.0,10,0.5600597609561754,High,0.0,14.0,0.0
336920475,2026-01-01,2026-02-01,17.965555555555557,132.0,0,2.0,2.0,0.0,2.0,4.0,0.0,0.0,6.0,1.0,0,0.5639243027888446,High,0.0,4.0,0.0
336920768,2026-01-01,2026-02-01,32.86222222222222,293.0,0,9.0,2.0,1.0,3.0,0.0,0.0,0.0,28.0,1.0,0,0.6509362549800797,High,0.0,5.0,0.0
337268755,2026-01-01,2026-02-01,62.925555555555555,1271.0,0,108.0,53.0,0.0,53.0,0.0,0.0,0.0,50.0,0.0,4,0.6110557768924303,High,0.0,33.0,0.0
337271076,2026-01-01,2026-02-01,3.7622222222222224,73.0,0,520.0,5.0,0.0,5.0,0.0,0.0,0.0,0.0,127.0,0,0.5959960159362551,High,0.0,,0.0
337317457,2026-01-01,2026-02-01,5.598055555555556,33.0,0,1.0,0.0,0.0,0.0,4.0,0.0,0.0,1.0,0.0,0,0.4284860557768924,Low,0.0,1.0,0.0
337591945,2026-01-01,2026-02-01,10.353333333333333,146.0,0,11.0,0.0,0.0,0.0,0.0,0.0,0.0,0.0,289.0,0,0.4511354581673307,Low,0.0,,0.0
338303849,2026-01-01,2026-02-01,20.296666666666667,441.0,0,150.0,0.0,0.0,0.0,0.0,1.0,0.0,0.0,337.0,0,0.539780876494024,Medium,1.0,1.0,1.0
338306241,2026-01-01,2026-02-01,88.87361111111112,961.0,0,3.0,0.0,0.0,0.0,0.0,0.0,0.0,164.0,0.0,0,0.4765737051792828,Medium,0.0,67.0,0.0
339001523,2026-01-01,2026-02-01,24.44611111111111,110.0,0,3.0,0.0,0.0,0.0,0.0,0.0,2.0,0.0,0.0,0,0.4195019920318725,Low,0.0,,0.0
339001982,2026-01-01,2026-02-01,55.65138888888889,325.0,0,1.0,0.0,0.0,0.0,0.0,0.0,0.0,0.0,0.0,0,0.35073705179282866,Low,0.0,3.0,0.0
350179842,2026-01-01,2026-02-01,16.09111111111111,448.0,0,0.0,0.0,0.0,0.0,0.0,0.0,0.0,3.0,686.0,0,0.422589641434263,Low,0.0,12.0,0.0
365321388,2026-01-01,2026-02-01,14.653888888888888,388.0,0,0.0,0.0,0.0,0.0,0.0,0.0,0.0,3.0,698.0,0,0.423386454183267,Low,0.0,12.0,0.0
365598486,2026-01-01,2026-02-01,54.659166666666664,889.0,0,137.0,0.0,0.0,0.0,1.0,0.0,7.0,116.0,106.0,36,0.7140239043824703,High,0.0,29.0,0.0
365598883,2026-01-01,2026-02-01,86.77055555555556,1198.0,0,84.0,7.0,8.0,15.0,0.0,0.0,48.0,57.0,13.0,0,0.806593625498008,High,0.0,53.0,0.0
365598969,2026-01-01,2026-02-01,97.41305555555556,527.0,0,25.0,4.0,5.0,9.0,0.0,0.0,0.0,20.0,15.0,0,0.6887450199203188,High,0.0,15.0,0.0
365599055,2026-01-01,2026-02-01,92.09777777777778,698.0,0,28.0,3.0,2.0,5.0,1.0,0.0,25.0,44.0,87.0,1,0.807788844621514,High,0.0,41.0,0.0
365606074,2026-01-01,2026-02-01,17.0225,702.0,0,119.0,0.0,0.0,0.0,0.0,0.0,0.0,0.0,284.0,0,0.5017330677290837,Medium,0.0,,0.0
365670886,2026-01-01,2026-02-01,28.688055555555554,310.0,0,22.0,0.0,1.0,1.0,1.0,0.0,29.0,96.0,796.0,0,0.773585657370518,High,0.0,86.0,0.0
365675387,2026-01-01,2026-02-01,0.15833333333333333,0.0,1,0.0,0.0,0.0,0.0,0.0,0.0,0.0,0.0,2.0,0,0.3517330677290837,Insufficient Exposure,0.0,,0.0
366594846,2026-01-01,2026-02-01,113.11055555555555,758.0,0,103.0,2.0,5.0,7.0,12.0,1.0,13.0,27.0,1.0,0,0.8559561752988049,High,0.0,,0.0
366751690,2026-01-01,2026-02-01,27.22361111111111,540.0,0,1.0,0.0,0.0,0.0,1.0,0.0,126.0,147.0,742.0,0,0.6442629482071713,High,0.0,135.0,0.0
366763791,2026-01-01,2026-02-01,63.25194444444445,841.0,0,2.0,1.0,0.0,1.0,1.0,0.0,107.0,66.0,290.0,0,0.684382470119522,High,0.0,64.0,0.0
370979095,2026-01-01,2026-02-01,9.2675,171.0,0,10.0,0.0,0.0,0.0,1.0,2.0,0.0,12.0,215.0,0,0.5969521912350597,High,0.0,2.0,0.0
370982035,2026-01-01,2026-02-01,10.210277777777778,156.0,0,5.0,5.0,0.0,5.0,0.0,0.0,0.0,0.0,0.0,0,0.443804780876494,Low,0.0,,0.0
371660225,2026-01-01,2026-02-01,45.80138888888889,589.0,0,29.0,6.0,5.0,11.0,1.0,0.0,0.0,28.0,163.0,1,0.753406374501992,High,0.0,32.0,0.0
371661090,2026-01-01,2026-02-01,19.642222222222223,172.0,0,1.0,0.0,0.0,0.0,0.0,0.0,0.0,2.0,7.0,0,0.4197808764940239,Low,0.0,1.0,0.0
373265130,2026-01-01,2026-02-01,20.059444444444445,41.0,0,1.0,0.0,0.0,0.0,3.0,0.0,2.0,4.0,0.0,2,0.5087450199203187,Medium,0.0,4.0,0.0
373272248,2026-01-01,2026-02-01,104.15527777777778,974.0,0,6.0,4.0,2.0,6.0,0.0,1.0,0.0,22.0,5.0,0,0.6791832669322709,High,0.0,27.0,0.0
376677144,2026-01-01,2026-02-01,23.364444444444445,781.0,0,374.0,0.0,0.0,0.0,0.0,0.0,0.0,0.0,0.0,0,0.48340637450199203,Medium,0.0,,0.0
377841245,2026-01-01,2026-02-01,52.50805555555556,88.0,0,0.0,0.0,0.0,0.0,0.0,0.0,0.0,26.0,0.0,35,0.4040239043824701,Low,0.0,7.0,0.0
377841595,2026-01-01,2026-02-01,2.6777777777777776,92.0,1,0.0,0.0,0.0,0.0,0.0,0.0,0.0,1.0,121.0,0,0.38406374501992036,Insufficient Exposure,0.0,1.0,0.0
378317132,2026-01-01,2026-02-01,13.198333333333334,345.0,0,122.0,0.0,0.0,0.0,0.0,0.0,0.0,0.0,1.0,0,0.4798207171314741,Medium,0.0,,0.0
382444594,2026-01-01,2026-02-01,4.110833333333333,61.0,0,0.0,0.0,0.0,0.0,0.0,0.0,0.0,0.0,192.0,0,0.3662749003984064,Low,0.0,,0.0
388775883,2026-01-01,2026-02-01,100.22055555555555,397.0,0,80.0,1.0,2.0,3.0,0.0,0.0,0.0,17.0,0.0,0,0.6535657370517929,High,0.0,24.0,0.0
402182287,2026-01-01,2026-02-01,33.7725,201.0,0,5.0,0.0,0.0,0.0,7.0,0.0,0.0,1.0,1.0,0,0.48944223107569723,Medium,0.0,2.0,0.0
409223544,2026-01-01,2026-02-01,122.37,1909.0,0,54.0,3.0,2.0,5.0,0.0,2.0,35.0,50.0,0.0,0,0.7595219123505975,High,0.0,74.0,0.0
411962094,2026-01-01,2026-02-01,67.86472222222223,567.0,0,7.0,0.0,0.0,0.0,0.0,0.0,0.0,3.0,0.0,0,0.42816733067729085,Low,0.0,11.0,0.0
415734364,2026-01-01,2026-02-01,58.79527777777778,454.0,0,4.0,0.0,0.0,0.0,1.0,0.0,0.0,12.0,0.0,0,0.4970517928286853,Medium,0.0,16.0,0.0
416296124,2026-01-01,2026-02-01,26.554166666666667,1090.0,0,4.0,0.0,0.0,0.0,24.0,22.0,0.0,2.0,0.0,0,0.4908964143426295,Medium,0.0,29.0,0.0
416296293,2026-01-01,2026-02-01,17.495,371.0,0,0.0,0.0,0.0,0.0,0.0,0.0,0.0,0.0,716.0,0,0.38300796812749005,Low,0.0,1.0,0.0
416380838,2026-01-01,2026-02-01,0.6147222222222222,0.0,1,0.0,0.0,0.0,0.0,0.0,0.0,0.0,0.0,0.0,0,0.31727091633466137,Insufficient Exposure,0.0,,0.0
417513547,2026-01-01,2026-02-01,17.7,142.0,0,5.0,0.0,1.0,1.0,1.0,0.0,9.0,10.0,0.0,0,0.6421513944223108,High,0.0,,0.0
417516308,2026-01-01,2026-02-01,28.408333333333335,939.0,0,0.0,0.0,0.0,0.0,0.0,0.0,0.0,2.0,964.0,0,0.41938247011952196,Low,0.0,16.0,0.0
417648563,2026-01-01,2026-02-01,1.173888888888889,30.0,1,10.0,0.0,0.0,0.0,0.0,0.0,0.0,0.0,14.0,0,0.434402390438247,Insufficient Exposure,0.0,,0.0
422008670,2026-01-01,2026-02-01,20.809166666666666,439.0,0,6.0,0.0,0.0,0.0,1.0,2.0,0.0,2.0,642.0,0,0.5503585657370519,High,0.0,4.0,0.0
422017575,2026-01-01,2026-02-01,44.64805555555556,595.0,0,0.0,0.0,0.0,0.0,1.0,0.0,44.0,30.0,82.0,1,0.5654382470119522,High,0.0,41.0,0.0
425968651,2026-01-01,2026-02-01,20.535555555555554,264.0,0,41.0,0.0,0.0,0.0,1.0,0.0,15.0,90.0,278.0,0,0.6867729083665339,High,0.0,46.0,0.0
429536893,2026-01-01,2026-02-01,88.49194444444444,1384.0,0,4.0,6.0,0.0,6.0,3.0,0.0,1.0,210.0,0.0,0,0.6559362549800798,High,0.0,111.0,0.0
429570713,2026-01-01,2026-02-01,24.488333333333333,146.0,0,0.0,1.0,0.0,1.0,0.0,2.0,0.0,0.0,0.0,0,0.3947011952191235,Low,1.0,2.0,2.0
429576946,2026-01-01,2026-02-01,54.584722222222226,726.0,0,7.0,7.0,0.0,7.0,1.0,0.0,0.0,30.0,353.0,1,0.648585657370518,High,0.0,24.0,0.0
434846817,2026-01-01,2026-02-01,76.21222222222222,259.0,0,14.0,2.0,1.0,3.0,0.0,0.0,0.0,1.0,0.0,0,0.5606374501992032,High,0.0,5.0,0.0
434850546,2026-01-01,2026-02-01,51.64111111111111,679.0,0,12.0,4.0,9.0,13.0,0.0,0.0,0.0,11.0,0.0,0,0.6346613545816733,High,0.0,20.0,0.0
434885978,2026-01-01,2026-02-01,21.393055555555556,469.0,0,1.0,0.0,0.0,0.0,1.0,2.0,9.0,12.0,278.0,0,0.61699203187251,High,0.0,15.0,0.0
434887440,2026-01-01,2026-02-01,14.148055555555555,529.0,0,134.0,0.0,0.0,0.0,0.0,0.0,0.0,0.0,0.0,0,0.4523306772908367,Low,0.0,,0.0
435028160,2026-01-01,2026-02-01,62.639722222222225,138.0,0,1.0,0.0,0.0,0.0,0.0,0.0,1.0,33.0,0.0,2,0.49262948207171314,Medium,0.0,18.0,0.0
435288506,2026-01-01,2026-02-01,5.618611111111111,205.0,0,0.0,0.0,0.0,0.0,22.0,0.0,2.0,2.0,0.0,0,0.4624501992031873,Medium,0.0,9.0,0.0
436759512,2026-01-01,2026-02-01,62.65833333333333,417.0,0,2.0,0.0,0.0,0.0,0.0,0.0,1.0,7.0,0.0,0,0.4727490039840638,Medium,0.0,15.0,0.0
437380121,2026-01-01,2026-02-01,80.57333333333334,444.0,0,0.0,0.0,0.0,0.0,1.0,1.0,21.0,60.0,198.0,0,0.6032270916334662,High,0.015,68.0,1.0
437381828,2026-01-01,2026-02-01,102.72277777777778,354.0,0,2.0,0.0,0.0,0.0,2.0,1.0,5.0,4.0,0.0,0,0.543207171314741,Medium,0.0,12.0,0.0
442548435,2026-01-01,2026-02-01,2.508888888888889,12.0,1,2.0,0.0,0.0,0.0,1.0,0.0,0.0,1.0,0.0,0,0.42549800796812753,Insufficient Exposure,0.0,2.0,0.0
443385724,2026-01-01,2026-02-01,13.7625,102.0,0,2.0,0.0,0.0,0.0,0.0,1.0,0.0,2.0,0.0,0,0.413605577689243,Low,0.0,4.0,0.0
443413751,2026-01-01,2026-02-01,54.49722222222222,719.0,0,4.0,1.0,8.0,9.0,0.0,0.0,0.0,4.0,0.0,0,0.5695019920318726,High,0.0,8.0,0.0
443657921,2026-01-01,2026-02-01,85.57666666666667,1049.0,0,25.0,0.0,0.0,0.0,1.0,0.0,2.0,132.0,0.0,0,0.617370517928287,High,0.0,23.0,0.0
443665553,2026-01-01,2026-02-01,6.89,94.0,0,0.0,0.0,0.0,0.0,0.0,0.0,0.0,0.0,66.0,0,0.35950199203187255,Low,0.0,,0.0
443668611,2026-01-01,2026-02-01,14.113611111111112,301.0,0,0.0,0.0,0.0,0.0,0.0,0.0,0.0,2.0,607.0,0,0.4106175298804781,Low,0.0,12.0,0.0
443717449,2026-01-01,2026-02-01,91.89194444444445,1210.0,0,14.0,2.0,6.0,8.0,1.0,0.0,0.0,118.0,0.0,0,0.7072908366533865,High,0.0,63.0,0.0
443733464,2026-01-01,2026-02-01,6.300833333333333,139.0,0,0.0,0.0,0.0,0.0,0.0,0.0,0.0,0.0,214.0,0,0.3678685258964144,Low,0.0,6.0,0.0
443744270,2026-01-01,2026-02-01,60.63194444444444,574.0,0,4.0,5.0,0.0,5.0,1.0,1.0,9.0,72.0,95.0,1,0.7161752988047808,High,0.0,81.0,0.0
443749850,2026-01-01,2026-02-01,102.73027777777777,427.0,0,19.0,3.0,3.0,6.0,4.0,0.0,0.0,9.0,8.0,1,0.7180478087649402,High,0.0,16.0,0.0
443842503,2026-01-01,2026-02-01,29.614722222222223,68.0,0,0.0,0.0,0.0,0.0,0.0,0.0,2.0,0.0,0.0,0,0.3712948207171315,Low,0.0,,0.0
452453885,2026-01-01,2026-02-01,1.7783333333333333,48.0,1,0.0,0.0,0.0,0.0,0.0,0.0,0.0,0.0,102.0,0,0.36229083665338646,Insufficient Exposure,0.0,3.0,0.0
452460611,2026-01-01,2026-02-01,38.649166666666666,189.0,0,5.0,0.0,0.0,0.0,13.0,0.0,0.0,38.0,88.0,0,0.5753784860557769,High,0.0,5.0,0.0
452477724,2026-01-01,2026-02-01,59.793055555555554,576.0,0,5.0,0.0,0.0,0.0,0.0,0.0,42.0,171.0,271.0,0,0.6115139442231076,High,0.0,65.0,0.0
452787130,2026-01-01,2026-02-01,15.8775,556.0,0,231.0,0.0,0.0,0.0,0.0,0.0,0.0,0.0,32.0,0,0.5124900398406375,Medium,0.0,,0.0
453865293,2026-01-01,2026-02-01,76.45138888888889,535.0,0,37.0,1.0,0.0,1.0,1.0,0.0,0.0,32.0,0.0,0,0.6053386454183268,High,0.0,20.0,0.0
453885405,2026-01-01,2026-02-01,23.815277777777776,690.0,0,0.0,0.0,0.0,0.0,0.0,0.0,0.0,2.0,1013.0,0,0.41978087649402396,Low,0.0,10.0,0.0
453948326,2026-01-01,2026-02-01,82.39333333333333,734.0,0,17.0,5.0,0.0,5.0,0.0,0.0,0.0,65.0,0.0,0,0.5686852589641435,High,0.0,52.0,0.0
454258476,2026-01-01,2026-02-01,2.623611111111111,32.0,1,2.0,0.0,0.0,0.0,0.0,0.0,0.0,0.0,0.0,0,0.35830677290836654,Insufficient Exposure,0.0,,0.0
454260123,2026-01-01,2026-02-01,69.75666666666666,994.0,0,27.0,24.0,0.0,24.0,1.0,0.0,6.0,154.0,338.0,0,0.7521513944223108,High,0.0,49.0,0.0
454270937,2026-01-01,2026-02-01,74.24583333333334,914.0,0,6.0,0.0,0.0,0.0,3.0,0.0,0.0,30.0,0.0,0,0.5287051792828686,Medium,0.0,30.0,0.0
454535057,2026-01-01,2026-02-01,19.99,889.0,0,180.0,0.0,0.0,0.0,0.0,0.0,0.0,2.0,0.0,0,0.4974701195219124,Medium,0.0,11.0,0.0
456979367,2026-01-01,2026-02-01,20.738888888888887,1025.0,0,141.0,0.0,0.0,0.0,0.0,1.0,0.0,4.0,0.0,0,0.5284262948207172,Medium,0.083,12.0,1.0
457001649,2026-01-01,2026-02-01,0.02277777777777778,28.0,1,0.0,0.0,0.0,0.0,0.0,0.0,0.0,0.0,0.0,0,0.31727091633466137,Insufficient Exposure,0.0,,0.0
457147010,2026-01-01,2026-02-01,10.388055555555555,614.0,0,143.0,0.0,0.0,0.0,0.0,0.0,0.0,0.0,0.0,0,0.45711155378486057,Low,0.0,,0.0
458181322,2026-01-01,2026-02-01,17.846666666666668,494.0,0,102.0,0.0,0.0,0.0,0.0,0.0,0.0,4.0,0.0,0,0.48958167330677294,Medium,0.0,12.0,0.0
458653334,2026-01-01,2026-02-01,9.6525,515.0,0,0.0,0.0,0.0,0.0,0.0,0.0,0.0,0.0,0.0,0,0.31727091633466137,Low,0.0,,0.0
458743772,2026-01-01,2026-02-01,5.779166666666667,88.0,0,8.0,0.0,0.0,0.0,0.0,0.0,0.0,0.0,0.0,0,0.38978087649402393,Low,0.0,,0.0
458748209,2026-01-01,2026-02-01,32.946666666666665,953.0,0,114.0,0.0,0.0,0.0,0.0,0.0,0.0,7.0,1.0,0,0.5415139442231076,Medium,0.0,12.0,0.0
458886154,2026-01-01,2026-02-01,24.355555555555554,1684.0,0,471.0,0.0,0.0,0.0,0.0,0.0,0.0,16.0,1.0,0,0.5984063745019921,High,0.0,19.0,0.0
458891357,2026-01-01,2026-02-01,32.358333333333334,1112.0,0,352.0,0.0,0.0,0.0,0.0,0.0,0.0,7.0,1.0,0,0.5781673306772909,High,0.0,16.0,0.0
459503546,2026-01-01,2026-02-01,17.636944444444445,600.0,0,0.0,0.0,0.0,0.0,0.0,0.0,0.0,6.0,0.0,0,0.37838645418326694,Low,0.0,14.0,0.0
459504879,2026-01-01,2026-02-01,30.593611111111112,1042.0,0,196.0,0.0,0.0,0.0,0.0,0.0,0.0,0.0,0.0,0,0.46826693227091637,Medium,0.0,,0.0
459505113,2026-01-01,2026-02-01,6.721388888888889,51.0,0,0.0,0.0,0.0,0.0,0.0,0.0,60.0,70.0,304.0,0,0.5461354581673307,Medium,0.0,55.0,0.0
459505768,2026-01-01,2026-02-01,15.336666666666666,609.0,0,0.0,0.0,0.0,0.0,0.0,0.0,0.0,10.0,0.0,0,0.39003984063745023,Low,0.0,16.0,0.0
459506000,2026-01-01,2026-02-01,21.552222222222223,1004.0,0,0.0,0.0,0.0,0.0,0.0,0.0,0.0,8.0,0.0,0,0.3848605577689243,Low,0.0,18.0,0.0
459506170,2026-01-01,2026-02-01,1.1402777777777777,14.0,1,7.0,0.0,0.0,0.0,0.0,0.0,0.0,0.0,0.0,0,0.38699203187250997,Insufficient Exposure,0.0,,0.0
459506928,2026-01-01,2026-02-01,42.975,1534.0,0,0.0,0.0,0.0,0.0,0.0,0.0,0.0,6.0,0.0,0,0.37838645418326694,Low,0.0,18.0,0.0
459618013,2026-01-01,2026-02-01,17.246666666666666,813.0,0,9.0,2.0,4.0,6.0,0.0,10.0,0.0,1.0,5.0,0,0.6250796812749004,High,0.913,23.0,21.0
460126388,2026-01-01,2026-02-01,26.99861111111111,971.0,0,0.0,0.0,0.0,0.0,0.0,0.0,0.0,0.0,0.0,0,0.31727091633466137,Low,0.0,,0.0
460126455,2026-01-01,2026-02-01,21.315,564.0,0,152.0,0.0,0.0,0.0,0.0,0.0,0.0,11.0,0.0,0,0.5370916334661355,Medium,0.0,14.0,0.0
460126626,2026-01-01,2026-02-01,8.675833333333333,355.0,0,71.0,0.0,0.0,0.0,0.0,0.0,0.0,1.0,0.0,0,0.44980079681274904,Low,0.0,1.0,0.0
460126729,2026-01-01,2026-02-01,93.30888888888889,921.0,0,2.0,0.0,0.0,0.0,0.0,0.0,2.0,104.0,0.0,0,0.519800796812749,Medium,0.0,111.0,0.0
460126901,2026-01-01,2026-02-01,97.73416666666667,1146.0,0,68.0,5.0,0.0,5.0,0.0,0.0,4.0,245.0,0.0,1,0.661593625498008,High,0.0,53.0,0.0
464361907,2026-01-01,2026-02-01,0.44333333333333336,12.0,1,0.0,0.0,0.0,0.0,0.0,0.0,0.0,0.0,9.0,0,0.35591633466135464,Insufficient Exposure,0.0,2.0,0.0
464367957,2026-01-01,2026-02-01,21.13083333333333,469.0,0,0.0,0.0,0.0,0.0,0.0,0.0,0.0,3.0,942.0,0,0.4277689243027889,Low,0.0,14.0,0.0
464368268,2026-01-01,2026-02-01,23.94638888888889,666.0,0,0.0,0.0,0.0,0.0,0.0,0.0,0.0,5.0,680.0,0,0.4374701195219124,Low,0.0,14.0,0.0
464397351,2026-01-01,2026-02-01,58.269444444444446,417.0,0,4.0,0.0,0.0,0.0,1.0,0.0,0.0,30.0,0.0,0,0.508187250996016,Medium,0.0,20.0,0.0
464868635,2026-01-01,2026-02-01,97.84,1361.0,0,34.0,3.0,0.0,3.0,3.0,0.0,0.0,39.0,0.0,0,0.6232270916334662,High,0.0,46.0,0.0
464878170,2026-01-01,2026-02-01,13.646944444444445,364.0,0,0.0,0.0,0.0,0.0,0.0,0.0,0.0,2.0,559.0,0,0.40902390438247016,Low,0.0,15.0,0.0
466915879,2026-01-01,2026-02-01,3.0269444444444447,20.0,0,24.0,0.0,0.0,0.0,0.0,0.0,0.0,2.0,0.0,0,0.4381075697211156,Low,0.0,2.0,0.0
466968443,2026-01-01,2026-02-01,37.82666666666667,365.0,0,0.0,0.0,0.0,0.0,0.0,0.0,0.0,44.0,0.0,0,0.41205179282868526,Low,0.0,6.0,0.0
467597649,2026-01-01,2026-02-01,20.052222222222223,610.0,0,0.0,0.0,0.0,0.0,0.0,0.0,0.0,3.0,867.0,0,0.4265737051792829,Low,0.0,13.0,0.0
507264328,2026-01-01,2026-02-01,9.37,287.0,0,166.0,0.0,0.0,0.0,0.0,0.0,0.0,1.0,0.0,0,0.4860557768924303,Medium,0.0,5.0,0.0
507264889,2026-01-01,2026-02-01,11.0775,215.0,0,87.0,0.0,0.0,0.0,0.0,0.0,0.0,2.0,0.0,0,0.466394422310757,Medium,0.0,6.0,0.0
507271653,2026-01-01,2026-02-01,23.858333333333334,900.0,0,326.0,0.0,0.0,0.0,0.0,1.0,0.0,4.0,1.0,0,0.5850000000000001,High,0.062,16.0,1.0
507301777,2026-01-01,2026-02-01,37.75388888888889,603.0,0,9.0,2.0,0.0,2.0,1.0,3.0,44.0,92.0,246.0,0,0.7476693227091633,High,0.0,31.0,0.0
507302529,2026-01-01,2026-02-01,52.99805555555555,316.0,0,9.0,0.0,2.0,2.0,1.0,1.0,18.0,92.0,290.0,1,0.7738446215139443,High,0.0,56.0,0.0
507302670,2026-01-01,2026-02-01,5.875,165.0,0,104.0,0.0,0.0,0.0,0.0,0.0,0.0,1.0,0.0,0,0.46294820717131474,Medium,0.0,8.0,0.0
507303198,2026-01-01,2026-02-01,42.35583333333334,215.0,0,5.0,0.0,0.0,0.0,0.0,10.0,2.0,59.0,0.0,0,0.5604581673306773,High,0.0,,0.0
507451763,2026-01-01,2026-02-01,110.25888888888889,1019.0,0,5.0,0.0,0.0,0.0,0.0,2.0,0.0,13.0,8.0,3,0.5231474103585657,Medium,0.03,33.0,1.0
509386574,2026-01-01,2026-02-01,0.24305555555555555,0.0,1,0.0,0.0,0.0,0.0,0.0,0.0,0.0,0.0,0.0,0,0.31727091633466137,Insufficient Exposure,0.0,,0.0
509387327,2026-01-01,2026-02-01,0.15694444444444444,0.0,1,0.0,0.0,0.0,0.0,0.0,0.0,0.0,0.0,0.0,0,0.31727091633466137,Insufficient Exposure,0.0,,0.0
509401137,2026-01-01,2026-02-01,0.7336111111111111,0.0,1,0.0,0.0,0.0,0.0,0.0,0.0,0.0,0.0,0.0,0,0.31727091633466137,Insufficient Exposure,0.0,,0.0
509500466,2026-01-01,2026-02-01,3.4558333333333335,0.0,0,0.0,0.0,0.0,0.0,0.0,0.0,0.0,0.0,0.0,0,0.31727091633466137,Low,0.0,,0.0
509636001,2026-01-01,2026-02-01,8.90611111111111,597.0,0,164.0,0.0,0.0,0.0,0.0,0.0,0.0,2.0,0.0,0,0.49587649402390443,Medium,0.0,8.0,0.0
509636042,2026-01-01,2026-02-01,21.6725,557.0,0,224.0,0.0,0.0,0.0,0.0,0.0,0.0,4.0,0.0,0,0.5198605577689244,Medium,0.0,10.0,0.0
509636074,2026-01-01,2026-02-01,11.722777777777777,310.0,0,96.0,0.0,0.0,0.0,0.0,0.0,0.0,2.0,0.0,0,0.4699800796812749,Medium,0.0,11.0,0.0
509636527,2026-01-01,2026-02-01,2.720833333333333,96.0,1,37.0,0.0,0.0,0.0,0.0,0.0,0.0,1.0,0.0,0,0.4370517928286853,Insufficient Exposure,0.0,1.0,0.0
509636557,2026-01-01,2026-02-01,16.898888888888887,670.0,0,296.0,0.0,0.0,0.0,0.0,0.0,0.0,5.0,1.0,0,0.5669521912350598,High,0.0,13.0,0.0
509636584,2026-01-01,2026-02-01,8.897222222222222,284.0,0,155.0,0.0,0.0,0.0,0.0,0.0,0.0,0.0,182.0,0,0.5100996015936256,Medium,0.0,,0.0
509636615,2026-01-01,2026-02-01,11.097777777777777,467.0,0,70.0,0.0,0.0,0.0,0.0,0.0,0.0,0.0,136.0,0,0.4738446215139443,Medium,0.0,,0.0
509636684,2026-01-01,2026-02-01,10.093055555555555,388.0,0,76.0,0.0,0.0,0.0,0.0,0.0,0.0,2.0,0.0,0,0.4624103585657371,Low,0.0,6.0,0.0
509636707,2026-01-01,2026-02-01,12.250277777777777,438.0,0,108.0,0.0,0.0,0.0,0.0,0.0,0.0,1.0,0.0,0,0.46414342629482075,Medium,0.0,6.0,0.0
509637163,2026-01-01,2026-02-01,5.350833333333333,105.0,0,0.0,0.0,0.0,0.0,0.0,0.0,0.0,1.0,183.0,0,0.3868525896414343,Low,0.0,6.0,0.0
509637211,2026-01-01,2026-02-01,1.3227777777777778,80.0,1,12.0,0.0,0.0,0.0,0.0,0.0,0.0,0.0,0.0,0,0.39774900398406376,Insufficient Exposure,0.0,,0.0
509637286,2026-01-01,2026-02-01,13.67,438.0,0,45.0,0.0,0.0,0.0,0.0,0.0,0.0,2.0,0.0,0,0.4512549800796813,Low,0.0,9.0,0.0
509637397,2026-01-01,2026-02-01,6.8175,190.0,0,118.0,0.0,0.0,0.0,0.0,0.0,0.0,2.0,2.0,0,0.5128087649402391,Medium,0.0,4.0,0.0
509637506,2026-01-01,2026-02-01,27.173055555555557,1395.0,0,149.0,0.0,0.0,0.0,0.0,0.0,0.0,1.0,0.0,0,0.4796812749003984,Medium,0.0,1.0,0.0
509637523,2026-01-01,2026-02-01,9.639722222222222,460.0,0,111.0,0.0,0.0,0.0,0.0,0.0,0.0,2.0,0.0,0,0.4767529880478088,Medium,0.0,2.0,0.0
509637553,2026-01-01,2026-02-01,21.879166666666666,1419.0,0,71.0,0.0,0.0,0.0,0.0,0.0,0.0,5.0,0.0,0,0.48527888446215145,Medium,0.0,12.0,0.0
509637621,2026-01-01,2026-02-01,17.9025,921.0,0,304.0,0.0,0.0,0.0,0.0,0.0,0.0,8.0,0.0,0,0.5478087649402391,High,0.0,11.0,0.0
509637652,2026-01-01,2026-02-01,26.66611111111111,1539.0,0,96.0,0.0,0.0,0.0,0.0,0.0,0.0,10.0,0.0,0,0.5111553784860559,Medium,0.0,21.0,0.0
509637688,2026-01-01,2026-02-01,26.030277777777776,1289.0,0,70.0,0.0,0.0,0.0,0.0,0.0,0.0,2.0,1.0,0,0.48990039840637456,Medium,0.0,10.0,0.0
509637738,2026-01-01,2026-02-01,17.61,786.0,0,88.0,0.0,0.0,0.0,0.0,0.0,0.0,6.0,0.0,0,0.49671314741035855,Medium,0.0,11.0,0.0
509637769,2026-01-01,2026-02-01,21.33861111111111,391.0,0,0.0,0.0,0.0,0.0,0.0,0.0,0.0,3.0,833.0,0,0.4261752988047809,Low,0.0,16.0,0.0
509637807,2026-01-01,2026-02-01,0.16777777777777778,0.0,1,0.0,0.0,0.0,0.0,0.0,0.0,0.0,0.0,0.0,0,0.31727091633466137,Insufficient Exposure,0.0,,0.0
509637851,2026-01-01,2026-02-01,39.92444444444445,1771.0,0,93.0,0.0,0.0,0.0,0.0,0.0,0.0,11.0,0.0,0,0.513187250996016,Medium,0.0,22.0,0.0
509637879,2026-01-01,2026-02-01,0.30833333333333335,0.0,1,0.0,0.0,0.0,0.0,0.0,0.0,0.0,0.0,0.0,0,0.31727091633466137,Insufficient Exposure,0.0,,0.0
509637899,2026-01-01,2026-02-01,14.7925,398.0,0,93.0,0.0,0.0,0.0,0.0,0.0,0.0,4.0,0.0,0,0.485996015936255,Medium,0.0,7.0,0.0
509637926,2026-01-01,2026-02-01,31.67972222222222,1312.0,0,233.0,0.0,0.0,0.0,0.0,0.0,0.0,8.0,0.0,0,0.5402390438247012,Medium,0.0,14.0,0.0
509637948,2026-01-01,2026-02-01,40.766666666666666,1916.0,0,137.0,0.0,0.0,0.0,0.0,0.0,0.0,6.0,1.0,0,0.5461155378486057,Medium,0.0,23.0,0.0
511461222,2026-01-01,2026-02-01,17.733888888888888,457.0,0,55.0,0.0,0.0,0.0,0.0,0.0,0.0,2.0,0.0,0,0.4548406374501992,Low,0.0,15.0,0.0
511465936,2026-01-01,2026-02-01,26.435,762.0,0,233.0,0.0,0.0,0.0,0.0,0.0,0.0,5.0,0.0,0,0.5291035856573706,Medium,0.0,21.0,0.0
511466682,2026-01-01,2026-02-01,25.68138888888889,742.0,0,122.0,0.0,0.0,0.0,0.0,0.0,0.0,6.0,0.0,0,0.5098605577689244,Medium,0.0,16.0,0.0
511467063,2026-01-01,2026-02-01,0.15333333333333332,0.0,1,0.0,0.0,0.0,0.0,0.0,0.0,0.0,0.0,0.0,0,0.31727091633466137,Insufficient Exposure,0.0,,0.0
511467316,2026-01-01,2026-02-01,14.639166666666666,355.0,0,137.0,0.0,0.0,0.0,0.0,0.0,0.0,0.0,0.0,0,0.45392430278884466,Low,0.0,,0.0
511468560,2026-01-01,2026-02-01,35.606944444444444,1660.0,0,344.0,0.0,0.0,0.0,0.0,0.0,0.0,14.0,0.0,0,0.563386454183267,High,0.0,22.0,0.0
511471809,2026-01-01,2026-02-01,31.153055555555557,715.0,0,237.0,0.0,0.0,0.0,0.0,0.0,0.0,14.0,0.0,0,0.5554183266932272,High,0.0,22.0,0.0
511472023,2026-01-01,2026-02-01,10.69111111111111,103.0,0,33.0,0.0,0.0,0.0,0.0,0.0,0.0,3.0,0.0,0,0.4544621513944223,Low,0.0,6.0,0.0
511472466,2026-01-01,2026-02-01,17.659166666666668,827.0,0,63.0,0.0,0.0,0.0,0.0,0.0,0.0,1.0,0.0,0,0.4462151394422311,Low,0.0,4.0,0.0
511473273,2026-01-01,2026-02-01,0.003611111111111111,0.0,1,0.0,0.0,0.0,0.0,0.0,0.0,0.0,0.0,0.0,0,0.31727091633466137,Insufficient Exposure,0.0,,0.0
511506093,2026-01-01,2026-02-01,31.272222222222222,1372.0,0,216.0,0.0,0.0,0.0,0.0,0.0,0.0,0.0,0.0,0,0.4698605577689243,Medium,0.0,,0.0
511506200,2026-01-01,2026-02-01,3.3336111111111113,88.0,0,53.0,0.0,0.0,0.0,0.0,0.0,0.0,1.0,0.0,0,0.44223107569721115,Low,0.0,4.0,0.0
511633709,2026-01-01,2026-02-01,31.88361111111111,2009.0,0,131.0,0.0,0.0,0.0,0.0,0.0,0.0,10.0,0.0,0,0.5235059760956176,Medium,0.0,20.0,0.0
511637055,2026-01-01,2026-02-01,8.567222222222222,364.0,0,142.0,0.0,0.0,0.0,0.0,0.0,0.0,0.0,0.0,0,0.4563147410358566,Low,0.0,,0.0
511642492,2026-01-01,2026-02-01,0.36777777777777776,0.0,1,2.0,0.0,0.0,0.0,0.0,0.0,0.0,0.0,0.0,0,0.35830677290836654,Insufficient Exposure,0.0,,0.0
511642605,2026-01-01,2026-02-01,24.050833333333333,1243.0,0,109.0,0.0,0.0,0.0,0.0,0.0,0.0,5.0,0.0,0,0.5008167330677291,Medium,0.0,21.0,0.0
511879208,2026-01-01,2026-02-01,25.900277777777777,848.0,0,273.0,0.0,0.0,0.0,0.0,0.0,0.0,10.0,0.0,0,0.5505976095617531,High,0.0,17.0,0.0
511879248,2026-01-01,2026-02-01,18.596666666666668,539.0,0,0.0,0.0,0.0,0.0,0.0,0.0,0.0,9.0,693.0,0,0.45199203187251,Low,0.0,13.0,0.0
511893803,2026-01-01,2026-02-01,0.13833333333333334,0.0,1,0.0,0.0,0.0,0.0,0.0,0.0,0.0,0.0,0.0,0,0.31727091633466137,Insufficient Exposure,0.0,,0.0
511893849,2026-01-01,2026-02-01,14.7225,358.0,0,161.0,0.0,0.0,0.0,0.0,0.0,0.0,5.0,0.0,0,0.5199402390438248,Medium,0.0,12.0,0.0
511893924,2026-01-01,2026-02-01,12.97,719.0,0,152.0,0.0,0.0,0.0,0.0,0.0,0.0,0.0,0.0,0,0.4606972111553785,Low,0.0,,0.0
511897418,2026-01-01,2026-02-01,27.52861111111111,1077.0,0,269.0,0.0,0.0,0.0,0.0,0.0,0.0,4.0,0.0,0,0.5262350597609563,Medium,0.0,13.0,0.0
511901995,2026-01-01,2026-02-01,0.2286111111111111,0.0,1,0.0,0.0,0.0,0.0,0.0,0.0,0.0,0.0,0.0,0,0.31727091633466137,Insufficient Exposure,0.0,,0.0
512980905,2026-01-01,2026-02-01,11.897222222222222,398.0,0,55.0,0.0,0.0,0.0,0.0,0.0,0.0,8.0,0.0,0,0.49083665338645416,Medium,0.0,11.0,0.0
512982665,2026-01-01,2026-02-01,11.940555555555555,287.0,0,51.0,0.0,0.0,0.0,0.0,0.0,0.0,5.0,0.0,0,0.4769123505976096,Medium,0.0,9.0,0.0
512989277,2026-01-01,2026-02-01,1.1533333333333333,4.0,1,0.0,0.0,0.0,0.0,0.0,0.0,0.0,0.0,0.0,0,0.31727091633466137,Insufficient Exposure,0.0,,0.0
512989545,2026-01-01,2026-02-01,17.22222222222222,543.0,0,192.0,0.0,0.0,0.0,0.0,0.0,0.0,6.0,0.0,0,0.528585657370518,Medium,0.0,7.0,0.0
512990207,2026-01-01,2026-02-01,23.596666666666668,955.0,0,249.0,0.0,0.0,0.0,0.0,0.0,0.0,3.0,0.0,0,0.5162151394422312,Medium,0.0,14.0,0.0
512990599,2026-01-01,2026-02-01,0.45694444444444443,0.0,1,0.0,0.0,0.0,0.0,0.0,0.0,0.0,0.0,0.0,0,0.31727091633466137,Insufficient Exposure,0.0,,0.0
512994171,2026-01-01,2026-02-01,51.46861111111111,2825.0,0,593.0,0.0,0.0,0.0,0.0,0.0,0.0,11.0,0.0,0,0.562191235059761,High,0.0,20.0,0.0
513225962,2026-01-01,2026-02-01,38.32416666666666,3192.0,0,145.0,0.0,0.0,0.0,0.0,0.0,0.0,15.0,0.0,0,0.5405179282868527,Medium,0.0,26.0,0.0
513226173,2026-01-01,2026-02-01,13.528611111111111,682.0,0,253.0,0.0,0.0,0.0,0.0,0.0,0.0,0.0,0.0,0,0.4762350597609562,Medium,0.0,,0.0
513234561,2026-01-01,2026-02-01,27.099166666666665,1309.0,0,274.0,0.0,0.0,0.0,0.0,0.0,0.0,4.0,0.0,0,0.5278286852589642,Medium,0.0,12.0,0.0
518311941,2026-01-01,2026-02-01,22.485277777777778,1127.0,0,184.0,0.0,0.0,0.0,0.0,0.0,0.0,13.0,0.0,0,0.5469521912350598,Medium,0.0,21.0,0.0
518312065,2026-01-01,2026-02-01,43.867777777777775,2068.0,0,249.0,0.0,0.0,0.0,0.0,0.0,0.0,14.0,0.0,0,0.5566135458167332,High,0.0,25.0,0.0
518312835,2026-01-01,2026-02-01,23.556944444444444,764.0,0,97.0,0.0,0.0,0.0,0.0,0.0,0.0,11.0,0.0,0,0.51597609561753,Medium,0.0,17.0,0.0
518867282,2026-01-01,2026-02-01,8.053333333333333,352.0,0,132.0,0.0,0.0,0.0,0.0,0.0,0.0,4.0,0.0,0,0.5007370517928288,Medium,0.0,8.0,0.0
519107113,2026-01-01,2026-02-01,2.5130555555555554,47.0,1,4.0,0.0,0.0,0.0,0.0,0.0,0.0,0.0,0.0,0,0.37185258964143425,Insufficient Exposure,0.0,,0.0
519239748,2026-01-01,2026-02-01,0.4722222222222222,0.0,1,0.0,0.0,0.0,0.0,0.0,0.0,0.0,0.0,0.0,0,0.31727091633466137,Insufficient Exposure,0.0,,0.0
519724111,2026-01-01,2026-02-01,0.9030555555555555,9.0,1,7.0,0.0,0.0,0.0,0.0,0.0,0.0,0.0,0.0,0,0.38699203187250997,Insufficient Exposure,0.0,,0.0
520139712,2026-01-01,2026-02-01,0.24666666666666667,0.0,1,0.0,0.0,0.0,0.0,0.0,0.0,0.0,0.0,0.0,0,0.31727091633466137,Insufficient Exposure,0.0,,0.0
523821693,2026-01-01,2026-02-01,16.403333333333332,523.0,0,0.0,0.0,0.0,0.0,0.0,0.0,0.0,0.0,641.0,0,0.37982071713147414,Low,0.0,15.0,0.0
523821771,2026-01-01,2026-02-01,12.720833333333333,266.0,0,0.0,0.0,0.0,0.0,0.0,0.0,0.0,3.0,644.0,0,0.421792828685259,Low,0.0,10.0,0.0
523821830,2026-01-01,2026-02-01,13.093333333333334,280.0,0,0.0,0.0,0.0,0.0,0.0,0.0,0.0,7.0,569.0,0,0.4423107569721116,Low,0.0,12.0,0.0
523822046,2026-01-01,2026-02-01,4.882777777777778,181.0,0,0.0,0.0,0.0,0.0,0.0,0.0,0.0,0.0,159.0,0,0.3646812749003984,Low,0.0,1.0,0.0
523822117,2026-01-01,2026-02-01,23.835,662.0,0,0.0,0.0,0.0,0.0,0.0,0.0,0.0,7.0,946.0,0,0.4518725099601594,Low,0.0,15.0,0.0
523822178,2026-01-01,2026-02-01,12.471388888888889,334.0,0,0.0,0.0,0.0,0.0,0.0,0.0,0.0,3.0,602.0,0,0.41980079681274907,Low,0.111,9.0,1.0
523822248,2026-01-01,2026-02-01,14.473333333333333,278.0,0,0.0,0.0,0.0,0.0,0.0,0.0,0.0,4.0,600.0,0,0.4274302788844622,Low,0.0,10.0,0.0
523822313,2026-01-01,2026-02-01,0.06416666666666666,0.0,1,0.0,0.0,0.0,0.0,0.0,0.0,0.0,0.0,0.0,0,0.31727091633466137,Insufficient Exposure,0.0,,0.0
523822483,2026-01-01,2026-02-01,19.25138888888889,456.0,0,0.0,0.0,0.0,0.0,0.0,0.0,0.0,3.0,616.0,0,0.420597609561753,Low,0.0,18.0,0.0
523823149,2026-01-01,2026-02-01,15.017777777777777,372.0,0,0.0,0.0,0.0,0.0,0.0,0.0,0.0,5.0,720.0,0,0.43986055776892435,Low,0.0,12.0,0.0
523823521,2026-01-01,2026-02-01,7.162222222222222,129.0,0,0.0,0.0,0.0,0.0,0.0,0.0,0.0,3.0,195.0,0,0.40784860557768926,Low,0.0,7.0,0.0
523823573,2026-01-01,2026-02-01,12.265833333333333,338.0,0,0.0,0.0,0.0,0.0,0.0,0.0,0.0,0.0,506.0,0,0.3770318725099602,Low,0.0,9.0,0.0
523823722,2026-01-01,2026-02-01,6.0,137.0,0,0.0,0.0,0.0,0.0,0.0,0.0,0.0,0.0,199.0,0,0.3674701195219124,Low,0.0,1.0,0.0
523823859,2026-01-01,2026-02-01,22.293055555555554,577.0,0,0.0,0.0,0.0,0.0,0.0,0.0,0.0,2.0,891.0,0,0.417390438247012,Low,0.0,8.0,0.0
523823954,2026-01-01,2026-02-01,0.016666666666666666,0.0,1,0.0,0.0,0.0,0.0,0.0,0.0,0.0,0.0,0.0,0,0.31727091633466137,Insufficient Exposure,0.0,,0.0
523824244,2026-01-01,2026-02-01,22.56222222222222,686.0,0,1703.0,47.0,0.0,47.0,0.0,2.0,46.0,188.0,896.0,0,0.8328087649402391,High,0.0,156.0,0.0
523824495,2026-01-01,2026-02-01,7.5505555555555555,253.0,0,0.0,0.0,0.0,0.0,0.0,0.0,0.0,2.0,314.0,0,0.40503984063745024,Low,0.0,3.0,0.0
524596949,2026-01-01,2026-02-01,8.257222222222222,260.0,0,0.0,0.0,0.0,0.0,0.0,0.0,0.0,3.0,253.0,0,0.4110358565737052,Low,0.0,17.0,0.0
524598261,2026-01-01,2026-02-01,31.786944444444444,947.0,0,0.0,0.0,0.0,0.0,0.0,0.0,0.0,10.0,1449.0,0,0.46175298804780884,Low,0.0,21.0,0.0
524598614,2026-01-01,2026-02-01,21.415277777777778,525.0,0,0.0,0.0,0.0,0.0,0.0,0.0,0.0,4.0,943.0,0,0.436195219123506,Low,0.0,12.0,0.0
