vehicle_id,window_start,window_end,drive_hours,distance_km,insufficient_exposure_flag,harsh_episode_count,short_speeding_episode_count,long_speeding_episode_count,speeding_episode_count,power_violation_episode_count,camera_obstruction_episode_count,fatigue_episode_count,driver_distraction_episode_count,situational_risk_episode_count,crash_count,ubi_proxy_score,vehicle_behaviour_class
229817878,2026-01-01,2026-02-01,106.11527777777778,907.0,0,32.0,0.0,0.0,0.0,0.0,1.0,2.0,30.0,1.0,6,0.6076892430278885,High
237220417,2026-01-01,2026-02-01,69.4625,608.0,0,3.0,0.0,0.0,0.0,0.0,0.0,0.0,57.0,0.0,0,0.4626892430278884,Medium
304245737,2026-01-01,2026-02-01,68.87305555555555,577.0,0,2.0,0.0,0.0,0.0,0.0,0.0,25.0,16.0,0.0,0,0.5080278884462152,Medium
304246224,2026-01-01,2026-02-01,8.393333333333333,318.0,0,125.0,0.0,0.0,0.0,0.0,0.0,0.0,0.0,0.0,0,0.4699800796812749,Medium
304246535,2026-01-01,2026-02-01,109.61055555555555,766.0,0,24.0,0.0,0.0,0.0,0.0,0.0,0.0,6.0,5.0,0,0.5168127490039841,Medium
304249135,2026-01-01,2026-02-01,45.87166666666667,442.0,0,3.0,0.0,0.0,0.0,1.0,2.0,4.0,5.0,244.0,4,0.6185657370517929,High
307989723,2026-01-01,2026-02-01,76.32944444444445,873.0,0,22.0,2.0,0.0,2.0,1.0,1.0,2.0,2.0,82.0,0,0.6927490039840637,High
308058091,2026-01-01,2026-02-01,50.36527777777778,272.0,0,2.0,0.0,0.0,0.0,0.0,1.0,0.0,16.0,0.0,0,0.46215139442231074,Medium
312741040,2026-01-01,2026-02-01,13.622777777777777,329.0,0,0.0,0.0,0.0,0.0,0.0,0.0,0.0,0.0,501.0,0,0.39667330677290846,Low
317984438,2026-01-01,2026-02-01,63.797777777777775,847.0,0,20.0,8.0,12.0,20.0,1.0,0.0,4.0,20.0,137.0,1,0.8049601593625498,High
317984514,2026-01-01,2026-02-01,100.26972222222223,673.0,0,43.0,4.0,3.0,7.0,0.0,1.0,2.0,31.0,0.0,1,0.7366932270916334,High
317984619,2026-01-01,2026-02-01,73.26583333333333,331.0,0,4.0,0.0,0.0,0.0,0.0,0.0,0.0,4.0,42.0,0,0.48396414342629485,Medium
317984646,2026-01-01,2026-02-01,97.65027777777777,1277.0,0,40.0,8.0,3.0,11.0,0.0,0.0,0.0,6.0,0.0,0,0.6494023904382471,High
321626503,2026-01-01,2026-02-01,52.06638888888889,180.0,0,3.0,0.0,0.0,0.0,4.0,0.0,0.0,0.0,1.0,0,0.47336653386454186,Medium
322619618,2026-01-01,2026-02-01,72.3375,819.0,0,7.0,3.0,0.0,3.0,1.0,0.0,0.0,49.0,423.0,0,0.6472509960159363,High
322641484,2026-01-01,2026-02-01,21.171944444444446,591.0,0,0.0,0.0,0.0,0.0,0.0,0.0,0.0,0.0,796.0,0,0.40444223107569727,Low
322641996,2026-01-01,2026-02-01,33.63055555555555,235.0,0,4.0,0.0,0.0,0.0,2.0,0.0,9.0,16.0,1.0,0,0.5996215139442231,High
322784039,2026-01-01,2026-02-01,104.55194444444444,1033.0,0,58.0,1.0,0.0,1.0,0.0,0.0,6.0,83.0,3.0,0,0.672390438247012,High
322785930,2026-01-01,2026-02-01,17.410555555555554,548.0,0,0.0,0.0,0.0,0.0,0.0,0.0,0.0,0.0,462.0,0,0.39627490039840646,Low
333211468,2026-01-01,2026-02-01,56.653055555555554,943.0,0,14.0,0.0,0.0,0.0,1.0,0.0,15.0,31.0,451.0,2,0.6624900398406375,High
333212161,2026-01-01,2026-02-01,26.57111111111111,755.0,0,0.0,0.0,0.0,0.0,0.0,0.0,0.0,0.0,1111.0,0,0.4086254980079682,Low
333545827,2026-01-01,2026-02-01,120.20583333333333,1126.0,0,34.0,1.0,0.0,1.0,3.0,4.0,9.0,17.0,0.0,1,0.6930876494023905,High
333584194,2026-01-01,2026-02-01,72.88444444444444,686.0,0,160.0,2.0,5.0,7.0,0.0,0.0,17.0,64.0,0.0,0,0.7792828685258965,High
333584733,2026-01-01,2026-02-01,24.156111111111112,470.0,0,0.0,1.0,3.0,4.0,0.0,0.0,3.0,6.0,0.0,0,0.5878884462151395,High
333585410,2026-01-01,2026-02-01,16.79222222222222,487.0,0,0.0,0.0,0.0,0.0,0.0,0.0,0.0,0.0,701.0,0,0.40264940239043834,Low
333987612,2026-01-01,2026-02-01,14.45888888888889,391.0,0,215.0,0.0,0.0,0.0,0.0,0.0,0.0,0.0,227.0,0,0.5404980079681275,High
334002148,2026-01-01,2026-02-01,0.8580555555555556,12.0,1,0.0,0.0,0.0,0.0,0.0,0.0,0.0,0.0,38.0,0,0.3787450199203188,Insufficient Exposure
334003979,2026-01-01,2026-02-01,11.451944444444445,243.0,0,32.0,0.0,0.0,0.0,1.0,0.0,0.0,0.0,372.0,0,0.5361155378486057,High
334006437,2026-01-01,2026-02-01,26.781944444444445,214.0,0,13.0,0.0,0.0,0.0,0.0,0.0,3.0,4.0,4.0,1,0.5607768924302788,High
334008589,2026-01-01,2026-02-01,101.2063888888889,1381.0,0,82.0,1.0,1.0,2.0,0.0,0.0,80.0,37.0,3.0,0,0.7699203187250996,High
334148753,2026-01-01,2026-02-01,133.46805555555557,1087.0,0,84.0,6.0,16.0,22.0,0.0,1.0,0.0,25.0,20.0,3,0.7487649402390438,High
334154201,2026-01-01,2026-02-01,5.667222222222223,84.0,0,8.0,0.0,1.0,1.0,4.0,1.0,0.0,2.0,73.0,1,0.6615139442231076,High
334154315,2026-01-01,2026-02-01,63.07861111111111,680.0,0,5.0,0.0,0.0,0.0,1.0,0.0,18.0,28.0,0.0,0,0.5805179282868527,High
334159140,2026-01-01,2026-02-01,23.86777777777778,112.0,0,3.0,1.0,0.0,1.0,0.0,0.0,0.0,7.0,0.0,0,0.4925697211155378,Medium
334723632,2026-01-01,2026-02-01,6.471666666666667,77.0,0,1.0,0.0,0.0,0.0,1.0,0.0,1.0,4.0,0.0,0,0.5136055776892431,Medium
334802885,2026-01-01,2026-02-01,26.361944444444443,72.0,0,5.0,0.0,0.0,0.0,6.0,0.0,0.0,6.0,0.0,0,0.5106374501992033,Medium
335116387,2026-01-01,2026-02-01,103.50722222222223,447.0,0,10.0,0.0,0.0,0.0,2.0,0.0,26.0,34.0,0.0,2,0.6097211155378487,High
336854753,2026-01-01,2026-02-01,90.86111111111111,1135.0,0,73.0,2.0,6.0,8.0,0.0,0.0,11.0,116.0,16.0,1,0.7902788844621514,High
336916651,2026-01-01,2026-02-01,34.985,268.0,0,3.0,2.0,0.0,2.0,0.0,0.0,4.0,12.0,0.0,10,0.5588047808764941,High
336920475,2026-01-01,2026-02-01,17.965555555555557,131.0,0,2.0,2.0,0.0,2.0,4.0,0.0,4.0,4.0,1.0,0,0.6309362549800797,High
336920768,2026-01-01,2026-02-01,32.86222222222222,293.0,0,9.0,2.0,1.0,3.0,0.0,0.0,3.0,25.0,1.0,0,0.7033665338645418,High
337268755,2026-01-01,2026-02-01,62.925555555555555,1208.0,0,108.0,53.0,0.0,53.0,0.0,3.0,0.0,42.0,0.0,4,0.6346414342629483,High
337271076,2026-01-01,2026-02-01,3.7622222222222224,73.0,0,520.0,5.0,0.0,5.0,0.0,0.0,0.0,0.0,127.0,0,0.6160358565737052,High
337317457,2026-01-01,2026-02-01,5.598055555555556,33.0,0,1.0,0.0,0.0,0.0,4.0,0.0,1.0,1.0,0.0,0,0.5174302788844621,Medium
337591945,2026-01-01,2026-02-01,10.353333333333333,149.0,0,11.0,0.0,0.0,0.0,0.0,0.0,0.0,0.0,289.0,0,0.47117529880478093,Medium
338303849,2026-01-01,2026-02-01,20.296666666666667,443.0,0,150.0,0.0,0.0,0.0,0.0,0.0,0.0,0.0,337.0,0,0.5361155378486057,High
338306241,2026-01-01,2026-02-01,88.83333333333333,824.0,0,3.0,0.0,0.0,0.0,0.0,3.0,0.0,137.0,0.0,0,0.4983466135458167,Medium
339001523,2026-01-01,2026-02-01,24.44611111111111,109.0,0,3.0,0.0,0.0,0.0,0.0,0.0,2.0,0.0,0.0,0,0.4373904382470119,Low
339001982,2026-01-01,2026-02-01,55.65138888888889,325.0,0,1.0,0.0,0.0,0.0,0.0,0.0,1.0,0.0,0.0,0,0.41715139442231075,Low
350179842,2026-01-01,2026-02-01,16.051111111111112,448.0,0,0.0,0.0,0.0,0.0,0.0,0.0,0.0,0.0,686.0,0,0.40145418326693233,Low
365321388,2026-01-01,2026-02-01,14.653888888888888,379.0,0,0.0,0.0,0.0,0.0,0.0,0.0,0.0,0.0,698.0,0,0.40225099601593634,Low
365598486,2026-01-01,2026-02-01,54.659166666666664,785.0,0,137.0,0.0,0.0,0.0,1.0,0.0,11.0,102.0,106.0,36,0.7130278884462152,High
365598883,2026-01-01,2026-02-01,86.77055555555556,1021.0,0,84.0,7.0,8.0,15.0,0.0,0.0,31.0,43.0,13.0,0,0.8032270916334661,High
365598969,2026-01-01,2026-02-01,97.41305555555556,473.0,0,25.0,4.0,5.0,9.0,0.0,0.0,0.0,9.0,15.0,0,0.6805577689243029,High
365599055,2026-01-01,2026-02-01,92.06277777777778,527.0,0,28.0,3.0,2.0,5.0,1.0,0.0,29.0,29.0,87.0,1,0.8062151394422311,High
365606074,2026-01-01,2026-02-01,17.0225,703.0,0,119.0,0.0,0.0,0.0,0.0,0.0,0.0,0.0,284.0,0,0.5217729083665339,Medium
365670886,2026-01-01,2026-02-01,28.32138888888889,301.0,0,22.0,0.0,1.0,1.0,1.0,0.0,54.0,62.0,796.0,0,0.7726693227091634,High
365675387,2026-01-01,2026-02-01,0.15833333333333333,,1,0.0,0.0,0.0,0.0,0.0,0.0,0.0,0.0,2.0,0,0.3717729083665339,Insufficient Exposure
366594846,2026-01-01,2026-02-01,113.11055555555555,757.0,0,103.0,2.0,5.0,7.0,12.0,1.0,13.0,27.0,1.0,0,0.8564342629482071,High
366751690,2026-01-01,2026-02-01,27.180833333333332,489.0,0,1.0,0.0,0.0,0.0,1.0,0.0,160.0,125.0,742.0,0,0.6445019920318725,High
366763791,2026-01-01,2026-02-01,63.25194444444445,582.0,0,2.0,1.0,0.0,1.0,1.0,5.0,85.0,35.0,290.0,0,0.7066135458167331,High
370979095,2026-01-01,2026-02-01,9.2675,169.0,0,10.0,0.0,0.0,0.0,1.0,3.0,0.0,10.0,215.0,0,0.5965537848605578,High
370982035,2026-01-01,2026-02-01,10.210277777777778,156.0,0,5.0,5.0,0.0,5.0,0.0,0.0,0.0,0.0,0.0,0,0.4638446215139442,Medium
371660225,2026-01-01,2026-02-01,45.80138888888889,588.0,0,29.0,6.0,5.0,11.0,1.0,0.0,1.0,20.0,163.0,1,0.7939243027888446,High
371661090,2026-01-01,2026-02-01,19.642222222222223,173.0,0,1.0,0.0,0.0,0.0,0.0,0.0,0.0,1.0,7.0,0,0.4517330677290836,Low
373265130,2026-01-01,2026-02-01,20.059444444444445,41.0,0,1.0,0.0,0.0,0.0,3.0,0.0,6.0,3.0,0.0,2,0.5347211155378486,Medium
373272248,2026-01-01,2026-02-01,104.13111111111111,915.0,0,6.0,4.0,2.0,6.0,0.0,2.0,2.0,8.0,5.0,0,0.7230079681274901,High
376677144,2026-01-01,2026-02-01,23.364444444444445,781.0,0,374.0,0.0,0.0,0.0,0.0,0.0,0.0,0.0,0.0,0,0.5034462151394423,Medium
377841245,2026-01-01,2026-02-01,52.50805555555556,87.0,0,0.0,0.0,0.0,0.0,0.0,0.0,1.0,22.0,0.0,35,0.44764940239043827,Low
377841595,2026-01-01,2026-02-01,2.6777777777777776,93.0,1,0.0,0.0,0.0,0.0,0.0,0.0,0.0,0.0,121.0,0,0.3831274900398407,Insufficient Exposure
378317132,2026-01-01,2026-02-01,13.198333333333334,345.0,0,122.0,0.0,0.0,0.0,0.0,0.0,0.0,0.0,1.0,0,0.49986055776892435,Medium
382444594,2026-01-01,2026-02-01,4.110833333333333,60.0,0,0.0,0.0,0.0,0.0,0.0,0.0,0.0,0.0,192.0,0,0.3863147410358566,Low
388775883,2026-01-01,2026-02-01,100.22055555555555,386.0,0,80.0,1.0,2.0,3.0,0.0,0.0,5.0,5.0,0.0,0,0.7010159362549802,High
402182287,2026-01-01,2026-02-01,33.7725,201.0,0,5.0,0.0,0.0,0.0,7.0,0.0,0.0,2.0,1.0,0,0.5351195219123506,Medium
409223544,2026-01-01,2026-02-01,122.3313888888889,1538.0,0,54.0,3.0,2.0,5.0,0.0,4.0,55.0,16.0,0.0,0,0.7503585657370518,High
411962094,2026-01-01,2026-02-01,67.86472222222223,500.0,0,7.0,0.0,0.0,0.0,0.0,0.0,0.0,0.0,0.0,0,0.40703187250996015,Low
415734364,2026-01-01,2026-02-01,58.79527777777778,455.0,0,4.0,0.0,0.0,0.0,1.0,0.0,0.0,6.0,0.0,0,0.4917131474103586,Medium
416296124,2026-01-01,2026-02-01,26.554166666666667,1090.0,0,4.0,0.0,0.0,0.0,24.0,24.0,0.0,2.0,0.0,0,0.5267529880478088,Medium
416296293,2026-01-01,2026-02-01,17.495,375.0,0,0.0,0.0,0.0,0.0,0.0,0.0,0.0,0.0,716.0,0,0.4030478087649403,Low
416380838,2026-01-01,2026-02-01,0.6147222222222222,0.0,1,0.0,0.0,0.0,0.0,0.0,0.0,0.0,0.0,0.0,0,0.3373107569721116,Insufficient Exposure
417513547,2026-01-01,2026-02-01,17.7,142.0,0,5.0,0.0,1.0,1.0,1.0,0.0,9.0,10.0,0.0,0,0.6483665338645418,High
417516308,2026-01-01,2026-02-01,28.408333333333335,942.0,0,0.0,0.0,0.0,0.0,0.0,0.0,0.0,0.0,964.0,0,0.4078286852589642,Low
417648563,2026-01-01,2026-02-01,1.173888888888889,30.0,1,10.0,0.0,0.0,0.0,0.0,0.0,0.0,0.0,14.0,0,0.4544422310756972,Insufficient Exposure
422008670,2026-01-01,2026-02-01,20.809166666666666,435.0,0,6.0,0.0,0.0,0.0,1.0,3.0,0.0,2.0,642.0,0,0.5862151394422311,High
422017575,2026-01-01,2026-02-01,44.63861111111111,595.0,0,0.0,0.0,0.0,0.0,1.0,0.0,36.0,33.0,82.0,1,0.5696812749003984,High
425968651,2026-01-01,2026-02-01,20.53611111111111,260.0,0,41.0,0.0,0.0,0.0,1.0,0.0,12.0,96.0,278.0,0,0.6844820717131475,High
429536893,2026-01-01,2026-02-01,88.49194444444444,1329.0,0,4.0,6.0,0.0,6.0,3.0,0.0,2.0,157.0,0.0,0,0.6525099601593626,High
429570713,2026-01-01,2026-02-01,24.488333333333333,146.0,0,0.0,1.0,0.0,1.0,0.0,2.0,0.0,0.0,0.0,0,0.41434262948207173,Low
429576946,2026-01-01,2026-02-01,54.584722222222226,723.0,0,7.0,7.0,0.0,7.0,1.0,0.0,2.0,21.0,353.0,1,0.6938247011952192,High
434846817,2026-01-01,2026-02-01,76.21222222222222,258.0,0,14.0,2.0,1.0,3.0,0.0,0.0,0.0,1.0,0.0,0,0.603207171314741,High
434850546,2026-01-01,2026-02-01,51.64111111111111,534.0,0,12.0,4.0,9.0,13.0,0.0,2.0,1.0,7.0,0.0,0,0.7054980079681276,High
434885978,2026-01-01,2026-02-01,21.393055555555556,470.0,0,1.0,0.0,0.0,0.0,1.0,3.0,6.0,14.0,278.0,0,0.6169521912350598,High
434887440,2026-01-01,2026-02-01,14.148055555555555,529.0,0,134.0,0.0,0.0,0.0,0.0,0.0,0.0,0.0,0.0,0,0.47237051792828694,Medium
435028160,2026-01-01,2026-02-01,62.639722222222225,137.0,0,1.0,0.0,0.0,0.0,0.0,1.0,4.0,30.0,0.0,2,0.5212350597609562,Medium
435288506,2026-01-01,2026-02-01,5.618611111111111,170.0,0,0.0,0.0,0.0,0.0,22.0,1.0,2.0,0.0,0.0,0,0.47195219123505977,Medium
436759512,2026-01-01,2026-02-01,62.65833333333333,379.0,0,2.0,0.0,0.0,0.0,0.0,0.0,1.0,2.0,0.0,0,0.4713346613545817,Medium
437380121,2026-01-01,2026-02-01,80.52111111111111,428.0,0,0.0,0.0,0.0,0.0,1.0,1.0,22.0,57.0,198.0,0,0.6023107569721117,High
437381828,2026-01-01,2026-02-01,102.72277777777778,354.0,0,2.0,0.0,0.0,0.0,2.0,1.0,7.0,1.0,0.0,0,0.5596812749003984,High
442548435,2026-01-01,2026-02-01,2.508888888888889,12.0,1,2.0,0.0,0.0,0.0,1.0,0.0,0.0,1.0,0.0,0,0.46806772908366534,Insufficient Exposure
443385724,2026-01-01,2026-02-01,13.7625,58.0,0,2.0,0.0,0.0,0.0,0.0,1.0,0.0,0.0,0.0,0,0.40155378486055776,Low
443413751,2026-01-01,2026-02-01,54.49722222222222,719.0,0,4.0,1.0,8.0,9.0,0.0,0.0,0.0,3.0,0.0,0,0.5890239043824702,High
443657921,2026-01-01,2026-02-01,85.54805555555555,881.0,0,25.0,0.0,0.0,0.0,1.0,0.0,2.0,120.0,0.0,0,0.6103984063745022,High
443665553,2026-01-01,2026-02-01,6.89,95.0,0,0.0,0.0,0.0,0.0,0.0,0.0,0.0,0.0,66.0,0,0.3795418326693228,Low
443668611,2026-01-01,2026-02-01,14.113611111111112,297.0,0,0.0,0.0,0.0,0.0,0.0,0.0,0.0,0.0,607.0,0,0.39906374501992037,Low
443717449,2026-01-01,2026-02-01,91.89194444444445,944.0,0,14.0,2.0,6.0,8.0,1.0,0.0,2.0,99.0,0.0,0,0.7527888446215141,High
443733464,2026-01-01,2026-02-01,6.300833333333333,133.0,0,0.0,0.0,0.0,0.0,0.0,0.0,0.0,0.0,214.0,0,0.3879083665338646,Low
443744270,2026-01-01,2026-02-01,60.63194444444444,570.0,0,4.0,5.0,0.0,5.0,1.0,1.0,21.0,58.0,95.0,1,0.716792828685259,High
443749850,2026-01-01,2026-02-01,102.73027777777777,404.0,0,19.0,3.0,3.0,6.0,4.0,0.0,2.0,1.0,8.0,1,0.7632868525896415,High
443842503,2026-01-01,2026-02-01,29.614722222222223,67.0,0,0.0,0.0,0.0,0.0,0.0,0.0,2.0,0.0,0.0,0,0.38918326693227095,Low
452453885,2026-01-01,2026-02-01,1.7783333333333333,52.0,1,0.0,0.0,0.0,0.0,0.0,0.0,0.0,0.0,102.0,0,0.3823306772908367,Insufficient Exposure
452460611,2026-01-01,2026-02-01,38.649166666666666,189.0,0,5.0,0.0,0.0,0.0,13.0,0.0,0.0,36.0,88.0,0,0.575219123505976,High
452477724,2026-01-01,2026-02-01,59.742777777777775,572.0,0,5.0,0.0,0.0,0.0,0.0,0.0,36.0,142.0,271.0,0,0.6105179282868526,High
452787130,2026-01-01,2026-02-01,15.8775,556.0,0,231.0,0.0,0.0,0.0,0.0,0.0,0.0,0.0,32.0,0,0.5325298804780877,Medium
453865293,2026-01-01,2026-02-01,76.45138888888889,535.0,0,37.0,1.0,0.0,1.0,1.0,0.0,0.0,28.0,0.0,0,0.6015537848605579,High
453885405,2026-01-01,2026-02-01,23.796388888888888,688.0,0,0.0,0.0,0.0,0.0,0.0,0.0,0.0,0.0,1013.0,0,0.4082270916334662,Low
453948326,2026-01-01,2026-02-01,82.38777777777777,734.0,0,17.0,5.0,0.0,5.0,0.0,0.0,4.0,53.0,0.0,0,0.6206772908366535,High
454258476,2026-01-01,2026-02-01,2.623611111111111,32.0,1,2.0,0.0,0.0,0.0,0.0,0.0,0.0,0.0,0.0,0,0.3783466135458167,Insufficient Exposure
454260123,2026-01-01,2026-02-01,69.79083333333334,992.0,0,27.0,24.0,0.0,24.0,1.0,1.0,14.0,123.0,338.0,0,0.776195219123506,High
454270937,2026-01-01,2026-02-01,74.24583333333334,912.0,0,6.0,0.0,0.0,0.0,3.0,1.0,1.0,26.0,0.0,0,0.5942430278884463,High
454535057,2026-01-01,2026-02-01,19.99,889.0,0,180.0,0.0,0.0,0.0,0.0,0.0,0.0,0.0,0.0,0,0.4859163346613546,Medium
456979367,2026-01-01,2026-02-01,20.738888888888887,1025.0,0,141.0,0.0,0.0,0.0,0.0,0.0,0.0,0.0,0.0,0,0.47555776892430285,Medium
457001649,2026-01-01,2026-02-01,0.02277777777777778,28.0,1,0.0,0.0,0.0,0.0,0.0,0.0,0.0,0.0,0.0,0,0.3373107569721116,Insufficient Exposure
457147010,2026-01-01,2026-02-01,10.388055555555555,614.0,0,143.0,0.0,0.0,0.0,0.0,0.0,0.0,0.0,0.0,0,0.47715139442231075,Medium
458181322,2026-01-01,2026-02-01,17.846666666666668,459.0,0,102.0,0.0,0.0,0.0,0.0,0.0,0.0,0.0,0.0,0,0.4604183266932271,Medium
458653334,2026-01-01,2026-02-01,9.6525,513.0,0,0.0,0.0,0.0,0.0,0.0,0.0,0.0,0.0,0.0,0,0.3373107569721116,Low
458743772,2026-01-01,2026-02-01,5.779166666666667,88.0,0,8.0,0.0,0.0,0.0,0.0,0.0,0.0,0.0,0.0,0,0.4098207171314741,Low
458748209,2026-01-01,2026-02-01,32.93194444444445,876.0,0,114.0,0.0,0.0,0.0,0.0,0.0,0.0,0.0,1.0,0,0.4970717131474104,Medium
458886154,2026-01-01,2026-02-01,24.343611111111112,1234.0,0,471.0,0.0,0.0,0.0,0.0,0.0,0.0,0.0,1.0,0,0.5353187250996017,High
458891357,2026-01-01,2026-02-01,32.26555555555556,1112.0,0,352.0,0.0,0.0,0.0,0.0,0.0,0.0,0.0,1.0,0,0.5337250996015936,Medium
459503546,2026-01-01,2026-02-01,17.636944444444445,600.0,0,0.0,0.0,0.0,0.0,0.0,0.0,0.0,0.0,0.0,0,0.3373107569721116,Low
459504879,2026-01-01,2026-02-01,30.593611111111112,1042.0,0,196.0,0.0,0.0,0.0,0.0,0.0,0.0,0.0,0.0,0,0.4883067729083666,Medium
459505113,2026-01-01,2026-02-01,6.500555555555556,47.0,0,0.0,0.0,0.0,0.0,0.0,0.0,57.0,54.0,304.0,0,0.5433466135458167,High
459505768,2026-01-01,2026-02-01,15.336666666666666,599.0,0,0.0,0.0,0.0,0.0,0.0,0.0,0.0,0.0,0.0,0,0.3373107569721116,Low
459506000,2026-01-01,2026-02-01,21.552222222222223,822.0,0,0.0,0.0,0.0,0.0,0.0,0.0,0.0,0.0,0.0,0,0.3373107569721116,Low
459506170,2026-01-01,2026-02-01,1.1402777777777777,14.0,1,7.0,0.0,0.0,0.0,0.0,0.0,0.0,0.0,0.0,0,0.40703187250996015,Insufficient Exposure
459506928,2026-01-01,2026-02-01,42.92861111111111,1498.0,0,0.0,0.0,0.0,0.0,0.0,0.0,0.0,0.0,0.0,0,0.3373107569721116,Low
459618013,2026-01-01,2026-02-01,17.120833333333334,795.0,0,9.0,2.0,4.0,6.0,0.0,0.0,0.0,0.0,5.0,0,0.5969521912350598,High
460126388,2026-01-01,2026-02-01,26.99861111111111,973.0,0,0.0,0.0,0.0,0.0,0.0,0.0,0.0,0.0,0.0,0,0.3373107569721116,Low
460126455,2026-01-01,2026-02-01,21.315,516.0,0,152.0,0.0,0.0,0.0,0.0,0.0,0.0,0.0,0.0,0,0.4807370517928287,Medium
460126626,2026-01-01,2026-02-01,8.675833333333333,355.0,0,71.0,0.0,0.0,0.0,0.0,0.0,0.0,0.0,0.0,0,0.4488645418326694,Low
460126729,2026-01-01,2026-02-01,93.30888888888889,912.0,0,2.0,0.0,0.0,0.0,0.0,0.0,8.0,100.0,0.0,0,0.5228685258964144,Medium
460126901,2026-01-01,2026-02-01,97.7075,884.0,0,68.0,5.0,0.0,5.0,0.0,0.0,11.0,205.0,0.0,1,0.6629482071713148,High
464361907,2026-01-01,2026-02-01,0.44333333333333336,12.0,1,0.0,0.0,0.0,0.0,0.0,0.0,0.0,0.0,9.0,0,0.3759561752988049,Insufficient Exposure
464367957,2026-01-01,2026-02-01,21.13083333333333,470.0,0,0.0,0.0,0.0,0.0,0.0,0.0,0.0,0.0,942.0,0,0.40663346613545825,Low
464368268,2026-01-01,2026-02-01,23.94638888888889,634.0,0,0.0,0.0,0.0,0.0,0.0,0.0,0.0,0.0,680.0,0,0.4010557768924303,Low
464397351,2026-01-01,2026-02-01,58.269444444444446,417.0,0,4.0,0.0,0.0,0.0,1.0,0.0,0.0,23.0,0.0,0,0.502589641434263,Medium
464868635,2026-01-01,2026-02-01,97.84,1291.0,0,34.0,3.0,0.0,3.0,3.0,0.0,1.0,28.0,0.0,0,0.6637450199203188,High
464878170,2026-01-01,2026-02-01,13.646944444444445,369.0,0,0.0,0.0,0.0,0.0,0.0,0.0,0.0,0.0,559.0,0,0.3974701195219124,Low
466915879,2026-01-01,2026-02-01,3.0269444444444447,20.0,0,24.0,0.0,0.0,0.0,0.0,0.0,0.0,0.0,0.0,0,0.4265537848605578,Low
466968443,2026-01-01,2026-02-01,37.82666666666667,365.0,0,0.0,0.0,0.0,0.0,0.0,1.0,0.0,40.0,0.0,0,0.43432270916334664,Low
467597649,2026-01-01,2026-02-01,20.052222222222223,577.0,0,0.0,0.0,0.0,0.0,0.0,0.0,0.0,0.0,867.0,0,0.40543824701195225,Low
507264328,2026-01-01,2026-02-01,9.37,288.0,0,166.0,0.0,0.0,0.0,0.0,0.0,0.0,0.0,0.0,0,0.4851195219123506,Medium
507264889,2026-01-01,2026-02-01,11.0775,215.0,0,87.0,0.0,0.0,0.0,0.0,0.0,0.0,0.0,0.0,0,0.45484063745019926,Low
507271653,2026-01-01,2026-02-01,23.80388888888889,888.0,0,326.0,0.0,0.0,0.0,0.0,0.0,0.0,0.0,1.0,0,0.5321314741035857,Medium
507301777,2026-01-01,2026-02-01,37.702222222222225,606.0,0,9.0,2.0,0.0,2.0,1.0,3.0,38.0,96.0,246.0,0,0.7476095617529881,High
507302529,2026-01-01,2026-02-01,52.97833333333333,270.0,0,9.0,0.0,2.0,2.0,1.0,2.0,26.0,81.0,290.0,1,0.7752390438247012,High
507302670,2026-01-01,2026-02-01,5.875,165.0,0,104.0,0.0,0.0,0.0,0.0,0.0,0.0,0.0,0.0,0,0.4620119521912351,Medium
507303198,2026-01-01,2026-02-01,42.35583333333334,216.0,0,5.0,0.0,0.0,0.0,0.0,10.0,2.0,59.0,0.0,0,0.5574900398406375,High
507451763,2026-01-01,2026-02-01,110.25888888888889,1007.0,0,5.0,0.0,0.0,0.0,0.0,6.0,1.0,10.0,8.0,3,0.5691235059760956,High
509386574,2026-01-01,2026-02-01,0.24305555555555555,,1,0.0,0.0,0.0,0.0,0.0,0.0,0.0,0.0,0.0,0,0.3373107569721116,Insufficient Exposure
509387327,2026-01-01,2026-02-01,0.15694444444444444,,1,0.0,0.0,0.0,0.0,0.0,0.0,0.0,0.0,0.0,0,0.3373107569721116,Insufficient Exposure
509401137,2026-01-01,2026-02-01,0.7336111111111111,,1,0.0,0.0,0.0,0.0,0.0,0.0,0.0,0.0,0.0,0,0.3373107569721116,Insufficient Exposure
509500466,2026-01-01,2026-02-01,3.4558333333333335,0.0,0,0.0,0.0,0.0,0.0,0.0,0.0,0.0,0.0,0.0,0,0.3373107569721116,Low
509636001,2026-01-01,2026-02-01,8.90611111111111,597.0,0,164.0,0.0,0.0,0.0,0.0,0.0,0.0,0.0,0.0,0,0.4843227091633467,Medium
509636042,2026-01-01,2026-02-01,21.59027777777778,557.0,0,224.0,0.0,0.0,0.0,0.0,0.0,0.0,0.0,0.0,0,0.4906972111553785,Medium
509636074,2026-01-01,2026-02-01,11.722777777777777,310.0,0,96.0,0.0,0.0,0.0,0.0,0.0,0.0,0.0,0.0,0,0.4584262948207171,Low
509636527,2026-01-01,2026-02-01,2.720833333333333,96.0,1,37.0,0.0,0.0,0.0,0.0,0.0,0.0,0.0,0.0,0,0.43611553784860563,Insufficient Exposure
509636557,2026-01-01,2026-02-01,16.898888888888887,671.0,0,296.0,0.0,0.0,0.0,0.0,0.0,0.0,0.0,1.0,0,0.5305378486055777,Medium
509636584,2026-01-01,2026-02-01,8.897222222222222,286.0,0,155.0,0.0,0.0,0.0,0.0,0.0,0.0,0.0,182.0,0,0.5301394422310757,Medium
509636615,2026-01-01,2026-02-01,11.097777777777777,466.0,0,70.0,0.0,0.0,0.0,0.0,0.0,0.0,0.0,136.0,0,0.4938844621513945,Medium
509636684,2026-01-01,2026-02-01,10.093055555555555,388.0,0,76.0,0.0,0.0,0.0,0.0,0.0,0.0,0.0,0.0,0,0.45085657370517934,Low
509636707,2026-01-01,2026-02-01,12.250277777777777,438.0,0,108.0,0.0,0.0,0.0,0.0,0.0,0.0,0.0,0.0,0,0.46320717131474104,Medium
509637163,2026-01-01,2026-02-01,5.350833333333333,103.0,0,0.0,0.0,0.0,0.0,0.0,0.0,0.0,0.0,183.0,0,0.38591633466135467,Low
509637211,2026-01-01,2026-02-01,1.3227777777777778,80.0,1,12.0,0.0,0.0,0.0,0.0,0.0,0.0,0.0,0.0,0,0.41778884462151394,Insufficient Exposure
509637286,2026-01-01,2026-02-01,13.67,438.0,0,45.0,0.0,0.0,0.0,0.0,0.0,0.0,0.0,0.0,0,0.4397011952191235,Low
509637397,2026-01-01,2026-02-01,6.8175,190.0,0,118.0,0.0,0.0,0.0,0.0,0.0,0.0,0.0,2.0,0,0.5012549800796813,Medium
509637506,2026-01-01,2026-02-01,27.173055555555557,1395.0,0,149.0,0.0,0.0,0.0,0.0,0.0,0.0,0.0,0.0,0,0.47874501992031876,Medium
509637523,2026-01-01,2026-02-01,9.639722222222222,440.0,0,111.0,0.0,0.0,0.0,0.0,0.0,0.0,0.0,0.0,0,0.465199203187251,Medium
509637553,2026-01-01,2026-02-01,21.879166666666666,1323.0,0,71.0,0.0,0.0,0.0,0.0,0.0,0.0,0.0,0.0,0,0.4488645418326694,Low
509637621,2026-01-01,2026-02-01,17.9025,795.0,0,304.0,0.0,0.0,0.0,0.0,0.0,0.0,0.0,0.0,0,0.5002589641434264,Medium
509637652,2026-01-01,2026-02-01,26.664444444444445,1268.0,0,96.0,0.0,0.0,0.0,0.0,0.0,0.0,0.0,0.0,0,0.4584262948207171,Low
509637688,2026-01-01,2026-02-01,26.030277777777776,1290.0,0,70.0,0.0,0.0,0.0,0.0,0.0,0.0,0.0,1.0,0,0.47834661354581676,Medium
509637738,2026-01-01,2026-02-01,17.61,652.0,0,88.0,0.0,0.0,0.0,0.0,0.0,0.0,0.0,0.0,0,0.45563745019920315,Low
509637769,2026-01-01,2026-02-01,21.33861111111111,383.0,0,0.0,0.0,0.0,0.0,0.0,0.0,0.0,0.0,833.0,0,0.40503984063745024,Low
509637807,2026-01-01,2026-02-01,0.16777777777777778,0.0,1,0.0,0.0,0.0,0.0,0.0,0.0,0.0,0.0,0.0,0,0.3373107569721116,Insufficient Exposure
509637851,2026-01-01,2026-02-01,39.92444444444445,1578.0,0,93.0,0.0,0.0,0.0,0.0,0.0,0.0,0.0,0.0,0,0.4568326693227092,Low
509637879,2026-01-01,2026-02-01,0.30833333333333335,0.0,1,0.0,0.0,0.0,0.0,0.0,0.0,0.0,0.0,0.0,0,0.3373107569721116,Insufficient Exposure
509637899,2026-01-01,2026-02-01,14.7925,398.0,0,93.0,0.0,0.0,0.0,0.0,0.0,0.0,0.0,0.0,0,0.4568326693227092,Low
509637926,2026-01-01,2026-02-01,31.67972222222222,1209.0,0,233.0,0.0,0.0,0.0,0.0,0.0,0.0,0.0,0.0,0,0.49268924302788847,Medium
509637948,2026-01-01,2026-02-01,40.766666666666666,1764.0,0,137.0,0.0,0.0,0.0,0.0,0.0,0.0,0.0,1.0,0,0.5050398406374502,Medium
511461222,2026-01-01,2026-02-01,17.718888888888888,457.0,0,55.0,0.0,0.0,0.0,0.0,0.0,0.0,0.0,0.0,0,0.44328685258964146,Low
511465936,2026-01-01,2026-02-01,26.38277777777778,761.0,0,233.0,0.0,0.0,0.0,0.0,0.0,0.0,0.0,0.0,0,0.49268924302788847,Medium
511466682,2026-01-01,2026-02-01,25.68138888888889,742.0,0,122.0,0.0,0.0,0.0,0.0,0.0,0.0,0.0,0.0,0,0.46878486055776897,Medium
511467063,2026-01-01,2026-02-01,0.15333333333333332,0.0,1,0.0,0.0,0.0,0.0,0.0,0.0,0.0,0.0,0.0,0,0.3373107569721116,Insufficient Exposure
511467316,2026-01-01,2026-02-01,14.639166666666666,355.0,0,137.0,0.0,0.0,0.0,0.0,0.0,0.0,0.0,0.0,0,0.47396414342629484,Medium
511468560,2026-01-01,2026-02-01,35.606944444444444,1435.0,0,344.0,0.0,0.0,0.0,0.0,0.0,0.0,0.0,0.0,0,0.5018525896414343,Medium
511471809,2026-01-01,2026-02-01,31.1275,699.0,0,237.0,0.0,0.0,0.0,0.0,0.0,0.0,0.0,0.0,0,0.4938844621513944,Medium
511472023,2026-01-01,2026-02-01,10.69111111111111,100.0,0,33.0,0.0,0.0,0.0,0.0,0.0,0.0,0.0,0.0,0,0.43332669322709166,Low
511472466,2026-01-01,2026-02-01,17.651944444444446,763.0,0,63.0,0.0,0.0,0.0,0.0,0.0,0.0,0.0,0.0,0,0.4452788844621514,Low
511473273,2026-01-01,2026-02-01,0.003611111111111111,,1,0.0,0.0,0.0,0.0,0.0,0.0,0.0,0.0,0.0,0,0.3373107569721116,Insufficient Exposure
511506093,2026-01-01,2026-02-01,31.272222222222222,1372.0,0,216.0,0.0,0.0,0.0,0.0,0.0,0.0,0.0,0.0,0,0.4899003984063745,Medium
511506200,2026-01-01,2026-02-01,3.3336111111111113,88.0,0,53.0,0.0,0.0,0.0,0.0,0.0,0.0,0.0,0.0,0,0.4412948207171315,Low
511633709,2026-01-01,2026-02-01,31.866944444444446,1747.0,0,131.0,0.0,0.0,0.0,0.0,0.0,0.0,0.0,0.0,0,0.4707768924302789,Medium
511637055,2026-01-01,2026-02-01,8.567222222222222,364.0,0,142.0,0.0,0.0,0.0,0.0,0.0,0.0,0.0,0.0,0,0.47635458167330685,Medium
511642492,2026-01-01,2026-02-01,0.36777777777777776,0.0,1,2.0,0.0,0.0,0.0,0.0,0.0,0.0,0.0,0.0,0,0.3783466135458167,Insufficient Exposure
511642605,2026-01-01,2026-02-01,24.014722222222222,1097.0,0,109.0,0.0,0.0,0.0,0.0,0.0,0.0,0.0,0.0,0,0.464402390438247,Medium
511879208,2026-01-01,2026-02-01,25.900277777777777,788.0,0,273.0,0.0,0.0,0.0,0.0,0.0,0.0,0.0,0.0,0,0.49786852589641434,Medium
511879248,2026-01-01,2026-02-01,18.596666666666668,468.0,0,0.0,0.0,0.0,0.0,0.0,0.0,0.0,0.0,693.0,0,0.40185258964143433,Low
511893803,2026-01-01,2026-02-01,0.13833333333333334,0.0,1,0.0,0.0,0.0,0.0,0.0,0.0,0.0,0.0,0.0,0,0.3373107569721116,Insufficient Exposure
511893849,2026-01-01,2026-02-01,14.7225,321.0,0,161.0,0.0,0.0,0.0,0.0,0.0,0.0,0.0,0.0,0,0.4835258964143427,Medium
511893924,2026-01-01,2026-02-01,12.97,718.0,0,152.0,0.0,0.0,0.0,0.0,0.0,0.0,0.0,0.0,0,0.4807370517928287,Medium
511897418,2026-01-01,2026-02-01,27.52861111111111,1015.0,0,269.0,0.0,0.0,0.0,0.0,0.0,0.0,0.0,0.0,0,0.49707171314741044,Medium
511901995,2026-01-01,2026-02-01,0.2286111111111111,0.0,1,0.0,0.0,0.0,0.0,0.0,0.0,0.0,0.0,0.0,0,0.3373107569721116,Insufficient Exposure
512980905,2026-01-01,2026-02-01,11.879444444444445,275.0,0,55.0,0.0,0.0,0.0,0.0,0.0,0.0,0.0,0.0,0,0.44328685258964146,Low
512982665,2026-01-01,2026-02-01,11.940555555555555,287.0,0,51.0,0.0,0.0,0.0,0.0,0.0,0.0,0.0,0.0,0,0.4404980079681275,Low
512989277,2026-01-01,2026-02-01,1.1533333333333333,4.0,1,0.0,0.0,0.0,0.0,0.0,0.0,0.0,0.0,0.0,0,0.3373107569721116,Insufficient Exposure
512989545,2026-01-01,2026-02-01,17.165277777777778,531.0,0,192.0,0.0,0.0,0.0,0.0,0.0,0.0,0.0,0.0,0,0.4875099601593626,Medium
512990207,2026-01-01,2026-02-01,23.591666666666665,931.0,0,249.0,0.0,0.0,0.0,0.0,0.0,0.0,0.0,0.0,0,0.4950796812749005,Medium
512990599,2026-01-01,2026-02-01,0.45694444444444443,0.0,1,0.0,0.0,0.0,0.0,0.0,0.0,0.0,0.0,0.0,0,0.3373107569721116,Insufficient Exposure
512994171,2026-01-01,2026-02-01,51.4625,2515.0,0,593.0,0.0,0.0,0.0,0.0,0.0,0.0,0.0,0.0,0,0.5058366533864542,Medium
513225962,2026-01-01,2026-02-01,38.32416666666666,2485.0,0,145.0,0.0,0.0,0.0,0.0,0.0,0.0,0.0,0.0,0,0.47794820717131475,Medium
513226173,2026-01-01,2026-02-01,13.528611111111111,682.0,0,253.0,0.0,0.0,0.0,0.0,0.0,0.0,0.0,0.0,0,0.49627490039840644,Medium
513234561,2026-01-01,2026-02-01,27.099166666666665,1309.0,0,274.0,0.0,0.0,0.0,0.0,0.0,0.0,0.0,0.0,0,0.49866533864541834,Medium
518311941,2026-01-01,2026-02-01,22.485277777777778,908.0,0,184.0,0.0,0.0,0.0,0.0,0.0,0.0,0.0,0.0,0,0.4867131474103586,Medium
518312065,2026-01-01,2026-02-01,43.85055555555556,1810.0,0,249.0,0.0,0.0,0.0,0.0,0.0,0.0,0.0,0.0,0,0.4950796812749005,Medium
518312835,2026-01-01,2026-02-01,23.51388888888889,731.0,0,97.0,0.0,0.0,0.0,0.0,0.0,0.0,0.0,0.0,0,0.4596215139442232,Low
518867282,2026-01-01,2026-02-01,8.053333333333333,352.0,0,132.0,0.0,0.0,0.0,0.0,0.0,0.0,0.0,0.0,0,0.47157370517928293,Medium
519107113,2026-01-01,2026-02-01,2.5130555555555554,47.0,1,4.0,0.0,0.0,0.0,0.0,0.0,0.0,0.0,0.0,0,0.3918924302788845,Insufficient Exposure
519239748,2026-01-01,2026-02-01,0.4722222222222222,0.0,1,0.0,0.0,0.0,0.0,0.0,0.0,0.0,0.0,0.0,0,0.3373107569721116,Insufficient Exposure
519724111,2026-01-01,2026-02-01,0.9030555555555555,9.0,1,7.0,0.0,0.0,0.0,0.0,0.0,0.0,0.0,0.0,0,0.40703187250996015,Insufficient Exposure
520139712,2026-01-01,2026-02-01,0.24666666666666667,0.0,1,0.0,0.0,0.0,0.0,0.0,0.0,0.0,0.0,0.0,0,0.3373107569721116,Insufficient Exposure
523821693,2026-01-01,2026-02-01,16.403333333333332,519.0,0,0.0,0.0,0.0,0.0,0.0,0.0,0.0,0.0,641.0,0,0.3998605577689244,Low
523821771,2026-01-01,2026-02-01,12.720833333333333,263.0,0,0.0,0.0,0.0,0.0,0.0,0.0,0.0,0.0,644.0,0,0.4006573705179284,Low
523821830,2026-01-01,2026-02-01,13.06,282.0,0,0.0,0.0,0.0,0.0,0.0,0.0,0.0,0.0,569.0,0,0.3978685258964144,Low
523822046,2026-01-01,2026-02-01,4.882777777777778,182.0,0,0.0,0.0,0.0,0.0,0.0,0.0,0.0,0.0,159.0,0,0.38472111553784866,Low
523822117,2026-01-01,2026-02-01,23.835,582.0,0,0.0,0.0,0.0,0.0,0.0,0.0,0.0,0.0,946.0,0,0.4074302788844622,Low
523822178,2026-01-01,2026-02-01,12.471388888888889,336.0,0,0.0,0.0,0.0,0.0,0.0,0.0,0.0,0.0,602.0,0,0.3986653386454184,Low
523822248,2026-01-01,2026-02-01,14.461666666666666,263.0,0,0.0,0.0,0.0,0.0,0.0,0.0,0.0,0.0,600.0,0,0.3982669322709164,Low
523822313,2026-01-01,2026-02-01,0.06416666666666666,0.0,1,0.0,0.0,0.0,0.0,0.0,0.0,0.0,0.0,0.0,0,0.3373107569721116,Insufficient Exposure
523822483,2026-01-01,2026-02-01,19.20138888888889,414.0,0,0.0,0.0,0.0,0.0,0.0,0.0,0.0,0.0,616.0,0,0.39946215139442237,Low
523823149,2026-01-01,2026-02-01,15.017777777777777,329.0,0,0.0,0.0,0.0,0.0,0.0,0.0,0.0,0.0,720.0,0,0.4034462151394423,Low
523823521,2026-01-01,2026-02-01,7.162222222222222,134.0,0,0.0,0.0,0.0,0.0,0.0,0.0,0.0,0.0,195.0,0,0.3867131474103586,Low
523823573,2026-01-01,2026-02-01,12.265833333333333,331.0,0,0.0,0.0,0.0,0.0,0.0,0.0,0.0,0.0,506.0,0,0.3970717131474104,Low
523823722,2026-01-01,2026-02-01,6.0,136.0,0,0.0,0.0,0.0,0.0,0.0,0.0,0.0,0.0,199.0,0,0.3875099601593626,Low
523823859,2026-01-01,2026-02-01,22.293055555555554,567.0,0,0.0,0.0,0.0,0.0,0.0,0.0,0.0,0.0,891.0,0,0.40583665338645425,Low
523823954,2026-01-01,2026-02-01,0.016666666666666666,0.0,1,0.0,0.0,0.0,0.0,0.0,0.0,0.0,0.0,0.0,0,0.3373107569721116,Insufficient Exposure
523824244,2026-01-01,2026-02-01,21.985833333333332,675.0,0,1703.0,47.0,0.0,47.0,0.0,2.0,75.0,136.0,896.0,0,0.8310557768924303,High
523824495,2026-01-01,2026-02-01,7.5505555555555555,185.0,0,0.0,0.0,0.0,0.0,0.0,0.0,0.0,0.0,314.0,0,0.3934860557768925,Low
524596949,2026-01-01,2026-02-01,8.257222222222222,260.0,0,0.0,0.0,0.0,0.0,0.0,0.0,0.0,0.0,253.0,0,0.3899003984063746,Low
524598261,2026-01-01,2026-02-01,31.738333333333333,886.0,0,0.0,0.0,0.0,0.0,0.0,0.0,0.0,0.0,1449.0,0,0.40902390438247016,Low
524598614,2026-01-01,2026-02-01,21.415277777777778,504.0,0,0.0,0.0,0.0,0.0,0.0,0.0,0.0,0.0,943.0,0,0.4070318725099602,Low
